[{"model": "admin.logentry", "pk": 1, "fields": {"action_time": "2022-07-18T20:16:22.577Z", "user": 1, "content_type": 9, "object_id": "1", "object_repr": "╚чуюЄютыхэшх ърьшэют", "action_flag": 1, "change_message": "[{\"added\": {}}]"}}, {"model": "admin.logentry", "pk": 2, "fields": {"action_time": "2022-07-18T20:16:31.488Z", "user": 1, "content_type": 9, "object_id": "2", "object_repr": "╚чуюЄютыхэшх Єрэф√Ёют", "action_flag": 1, "change_message": "[{\"added\": {}}]"}}, {"model": "admin.logentry", "pk": 3, "fields": {"action_time": "2022-07-18T20:17:24.654Z", "user": 1, "content_type": 10, "object_id": "1", "object_repr": "╩ръ ёфхырЄ№ ърьшэ", "action_flag": 1, "change_message": "[{\"added\": {}}]"}}, {"model": "admin.logentry", "pk": 4, "fields": {"action_time": "2022-07-18T20:17:52.182Z", "user": 1, "content_type": 10, "object_id": "2", "object_repr": "╩ръ ёфхырЄ№ Єрэф√Ё", "action_flag": 1, "change_message": "[{\"added\": {}}]"}}, {"model": "admin.logentry", "pk": 5, "fields": {"action_time": "2022-07-18T20:18:56.695Z", "user": 1, "content_type": 11, "object_id": "1", "object_repr": "╨рчьхЁ", "action_flag": 1, "change_message": "[{\"added\": {}}]"}}, {"model": "admin.logentry", "pk": 6, "fields": {"action_time": "2022-07-18T20:18:58.432Z", "user": 1, "content_type": 11, "object_id": "2", "object_repr": "╠рЄхЁшры", "action_flag": 1, "change_message": "[{\"added\": {}}]"}}, {"model": "admin.logentry", "pk": 7, "fields": {"action_time": "2022-07-18T20:19:00.818Z", "user": 1, "content_type": 11, "object_id": "3", "object_repr": "╬с·хь", "action_flag": 1, "change_message": "[{\"added\": {}}]"}}, {"model": "admin.logentry", "pk": 8, "fields": {"action_time": "2022-07-18T20:19:26.694Z", "user": 1, "content_type": 13, "object_id": "1", "object_repr": "╩рьшэ√", "action_flag": 1, "change_message": "[{\"added\": {}}]"}}, {"model": "admin.logentry", "pk": 9, "fields": {"action_time": "2022-07-18T20:19:33.695Z", "user": 1, "content_type": 13, "object_id": "2", "object_repr": "┴рЁсхъ■", "action_flag": 1, "change_message": "[{\"added\": {}}]"}}, {"model": "admin.logentry", "pk": 10, "fields": {"action_time": "2022-07-18T20:19:37.422Z", "user": 1, "content_type": 13, "object_id": "3", "object_repr": "┴рээ√х яхўш", "action_flag": 1, "change_message": "[{\"added\": {}}]"}}, {"model": "admin.logentry", "pk": 11, "fields": {"action_time": "2022-07-18T20:19:45.484Z", "user": 1, "content_type": 13, "object_id": "4", "object_repr": "╨єёёър  яхў№", "action_flag": 1, "change_message": "[{\"added\": {}}]"}}, {"model": "admin.logentry", "pk": 12, "fields": {"action_time": "2022-07-18T20:19:55.298Z", "user": 1, "content_type": 13, "object_id": "5", "object_repr": "╩рьшэюяхў№", "action_flag": 1, "change_message": "[{\"added\": {}}]"}}, {"model": "admin.logentry", "pk": 13, "fields": {"action_time": "2022-07-18T20:20:01.561Z", "user": 1, "content_type": 13, "object_id": "6", "object_repr": "╥рэф√Ё√", "action_flag": 1, "change_message": "[{\"added\": {}}]"}}, {"model": "admin.logentry", "pk": 14, "fields": {"action_time": "2022-07-18T20:21:27.204Z", "user": 1, "content_type": 12, "object_id": "1", "object_repr": "╧ЁюхъЄ \"┬хэхЎш \"", "action_flag": 1, "change_message": "[{\"added\": {}}]"}}, {"model": "admin.logentry", "pk": 15, "fields": {"action_time": "2022-07-18T20:22:54.826Z", "user": 1, "content_type": 12, "object_id": "2", "object_repr": "╧ЁюхъЄ \"┴рЁсхъ■\"", "action_flag": 1, "change_message": "[{\"added\": {}}]"}}, {"model": "admin.logentry", "pk": 16, "fields": {"action_time": "2022-07-18T20:23:22.517Z", "user": 1, "content_type": 12, "object_id": "1", "object_repr": "╧ЁюхъЄ \"┬хэхЎш \"", "action_flag": 2, "change_message": "[{\"changed\": {\"fields\": [\"\\u041f\\u0440\\u0435\\u0434\\u043f\\u0440\\u043e\\u0441\\u043c\\u0430\\u0442\\u0440\\u0438\\u0432\\u0430\\u0435\\u043c\\u043e\\u0435 \\u0444\\u043e\\u0442\\u043e\"]}}]"}}, {"model": "admin.logentry", "pk": 17, "fields": {"action_time": "2022-07-18T20:27:10.507Z", "user": 1, "content_type": 14, "object_id": "1", "object_repr": "┴юы№°ющ", "action_flag": 1, "change_message": "[{\"added\": {}}]"}}, {"model": "admin.logentry", "pk": 18, "fields": {"action_time": "2022-07-18T20:27:29.731Z", "user": 1, "content_type": 14, "object_id": "2", "object_repr": "╫єуєэ", "action_flag": 1, "change_message": "[{\"added\": {}}]"}}, {"model": "admin.logentry", "pk": 19, "fields": {"action_time": "2022-07-18T20:27:39.584Z", "user": 1, "content_type": 14, "object_id": "3", "object_repr": "╠рыхэ№ъшщ", "action_flag": 1, "change_message": "[{\"added\": {}}]"}}, {"model": "admin.logentry", "pk": 20, "fields": {"action_time": "2022-07-18T20:27:52.650Z", "user": 1, "content_type": 14, "object_id": "4", "object_repr": "─хЁхтю", "action_flag": 1, "change_message": "[{\"added\": {}}]"}}, {"model": "admin.logentry", "pk": 21, "fields": {"action_time": "2022-07-18T20:28:02.917Z", "user": 1, "content_type": 14, "object_id": "5", "object_repr": "75 ът.ь", "action_flag": 1, "change_message": "[{\"added\": {}}]"}}, {"model": "admin.logentry", "pk": 22, "fields": {"action_time": "2022-07-19T05:04:02.766Z", "user": 1, "content_type": 12, "object_id": "1", "object_repr": "╧ЁюхъЄ \"┬хэхЎш \"", "action_flag": 2, "change_message": "[{\"changed\": {\"fields\": [\"Content\"]}}]"}}, {"model": "admin.logentry", "pk": 23, "fields": {"action_time": "2022-07-19T05:04:25.930Z", "user": 1, "content_type": 12, "object_id": "1", "object_repr": "╧ЁюхъЄ \"┬хэхЎш \"", "action_flag": 2, "change_message": "[{\"changed\": {\"fields\": [\"Content\"]}}]"}}, {"model": "admin.logentry", "pk": 24, "fields": {"action_time": "2022-07-19T05:04:49.463Z", "user": 1, "content_type": 12, "object_id": "1", "object_repr": "╧ЁюхъЄ \"┬хэхЎш \"", "action_flag": 2, "change_message": "[{\"changed\": {\"fields\": [\"Content\"]}}]"}}, {"model": "admin.logentry", "pk": 25, "fields": {"action_time": "2022-07-19T05:05:33.081Z", "user": 1, "content_type": 12, "object_id": "2", "object_repr": "╧ЁюхъЄ \"┴рЁсхъ■\"", "action_flag": 2, "change_message": "[{\"changed\": {\"fields\": [\"Content\"]}}]"}}, {"model": "admin.logentry", "pk": 26, "fields": {"action_time": "2022-07-19T05:08:40.630Z", "user": 1, "content_type": 12, "object_id": "1", "object_repr": "╧ЁюхъЄ \"┬хэхЎш \"", "action_flag": 2, "change_message": "[{\"changed\": {\"fields\": [\"\\u0424\\u043e\\u0442\\u043e\\u0433\\u0440\\u0430\\u0444\\u0438\\u044f\"]}}]"}}, {"model": "admin.logentry", "pk": 27, "fields": {"action_time": "2022-07-19T05:09:10.254Z", "user": 1, "content_type": 12, "object_id": "2", "object_repr": "╧ЁюхъЄ \"┴рЁсхъ■\"", "action_flag": 2, "change_message": "[{\"changed\": {\"fields\": [\"\\u0424\\u043e\\u0442\\u043e\\u0433\\u0440\\u0430\\u0444\\u0438\\u044f\"]}}]"}}, {"model": "admin.logentry", "pk": 28, "fields": {"action_time": "2022-07-19T05:15:46.848Z", "user": 1, "content_type": 10, "object_id": "1", "object_repr": "╩ръ ёфхырЄ№ ърьшэ", "action_flag": 2, "change_message": "[{\"changed\": {\"fields\": [\"content\"]}}]"}}, {"model": "admin.logentry", "pk": 29, "fields": {"action_time": "2022-07-19T05:20:57.899Z", "user": 1, "content_type": 10, "object_id": "1", "object_repr": "╩ръ ёфхырЄ№ ърьшэ", "action_flag": 2, "change_message": "[{\"changed\": {\"fields\": [\"content\"]}}]"}}, {"model": "admin.logentry", "pk": 30, "fields": {"action_time": "2022-07-19T05:21:51.600Z", "user": 1, "content_type": 10, "object_id": "1", "object_repr": "╩ръ ёфхырЄ№ ърьшэ", "action_flag": 2, "change_message": "[{\"changed\": {\"fields\": [\"content\"]}}]"}}, {"model": "admin.logentry", "pk": 31, "fields": {"action_time": "2022-07-19T05:22:35.338Z", "user": 1, "content_type": 10, "object_id": "1", "object_repr": "╩ръ ёфхырЄ№ ърьшэ", "action_flag": 2, "change_message": "[{\"changed\": {\"fields\": [\"content\"]}}]"}}, {"model": "admin.logentry", "pk": 32, "fields": {"action_time": "2022-07-19T05:24:27.641Z", "user": 1, "content_type": 10, "object_id": "1", "object_repr": "╩ръ ёфхырЄ№ ърьшэ", "action_flag": 2, "change_message": "[{\"changed\": {\"fields\": [\"content\"]}}]"}}, {"model": "admin.logentry", "pk": 33, "fields": {"action_time": "2022-07-19T05:24:42.470Z", "user": 1, "content_type": 10, "object_id": "1", "object_repr": "╩ръ ёфхырЄ№ ърьшэ", "action_flag": 2, "change_message": "[{\"changed\": {\"fields\": [\"content\"]}}]"}}, {"model": "admin.logentry", "pk": 34, "fields": {"action_time": "2022-07-19T05:24:59.860Z", "user": 1, "content_type": 10, "object_id": "1", "object_repr": "╩ръ ёфхырЄ№ ърьшэ", "action_flag": 2, "change_message": "[{\"changed\": {\"fields\": [\"content\"]}}]"}}, {"model": "admin.logentry", "pk": 35, "fields": {"action_time": "2022-07-19T05:25:47.738Z", "user": 1, "content_type": 10, "object_id": "1", "object_repr": "╩ръ ёфхырЄ№ ърьшэ", "action_flag": 2, "change_message": "[{\"changed\": {\"fields\": [\"content\"]}}]"}}, {"model": "admin.logentry", "pk": 36, "fields": {"action_time": "2022-07-19T05:26:50.553Z", "user": 1, "content_type": 10, "object_id": "1", "object_repr": "╩ръ ёфхырЄ№ ърьшэ", "action_flag": 2, "change_message": "[{\"changed\": {\"fields\": [\"content\"]}}]"}}, {"model": "admin.logentry", "pk": 37, "fields": {"action_time": "2022-07-19T05:27:04.702Z", "user": 1, "content_type": 10, "object_id": "1", "object_repr": "╩ръ ёфхырЄ№ ърьшэ", "action_flag": 2, "change_message": "[{\"changed\": {\"fields\": [\"content\"]}}]"}}, {"model": "admin.logentry", "pk": 38, "fields": {"action_time": "2022-07-19T05:27:14.123Z", "user": 1, "content_type": 10, "object_id": "1", "object_repr": "╩ръ ёфхырЄ№ ърьшэ", "action_flag": 2, "change_message": "[{\"changed\": {\"fields\": [\"content\"]}}]"}}, {"model": "admin.logentry", "pk": 39, "fields": {"action_time": "2022-07-19T05:30:38.825Z", "user": 1, "content_type": 10, "object_id": "2", "object_repr": "╩ръ ёфхырЄ№ Єрэф√Ё", "action_flag": 2, "change_message": "[{\"changed\": {\"fields\": [\"content\"]}}]"}}, {"model": "admin.logentry", "pk": 40, "fields": {"action_time": "2022-07-19T06:56:08.433Z", "user": 1, "content_type": 10, "object_id": "3", "object_repr": "═рчтрэшх яюёЄр", "action_flag": 1, "change_message": "[{\"added\": {}}]"}}, {"model": "admin.logentry", "pk": 41, "fields": {"action_time": "2022-07-19T06:57:17.562Z", "user": 1, "content_type": 10, "object_id": "4", "object_repr": "┼∙х ъръющ-Єю яюёЄ", "action_flag": 1, "change_message": "[{\"added\": {}}]"}}, {"model": "admin.logentry", "pk": 42, "fields": {"action_time": "2022-07-19T18:32:31.648Z", "user": 1, "content_type": 16, "object_id": "1", "object_repr": "╩рьшэ√", "action_flag": 1, "change_message": "[{\"added\": {}}]"}}, {"model": "admin.logentry", "pk": 43, "fields": {"action_time": "2022-07-19T18:32:35.761Z", "user": 1, "content_type": 16, "object_id": "2", "object_repr": "╧хўш", "action_flag": 1, "change_message": "[{\"added\": {}}]"}}, {"model": "admin.logentry", "pk": 44, "fields": {"action_time": "2022-07-19T18:32:40.705Z", "user": 1, "content_type": 16, "object_id": "3", "object_repr": "┴рЁсхъ■", "action_flag": 1, "change_message": "[{\"added\": {}}]"}}, {"model": "admin.logentry", "pk": 45, "fields": {"action_time": "2022-07-19T18:32:44.994Z", "user": 1, "content_type": 16, "object_id": "4", "object_repr": "╥рэф√Ё√", "action_flag": 1, "change_message": "[{\"added\": {}}]"}}, {"model": "admin.logentry", "pk": 46, "fields": {"action_time": "2022-07-19T18:32:48.600Z", "user": 1, "content_type": 16, "object_id": "5", "object_repr": "╩юЄы√", "action_flag": 1, "change_message": "[{\"added\": {}}]"}}, {"model": "admin.logentry", "pk": 47, "fields": {"action_time": "2022-07-19T18:32:54.563Z", "user": 1, "content_type": 16, "object_id": "6", "object_repr": "─√ьюїюф√", "action_flag": 1, "change_message": "[{\"added\": {}}]"}}, {"model": "admin.logentry", "pk": 48, "fields": {"action_time": "2022-07-19T18:32:59.672Z", "user": 1, "content_type": 16, "object_id": "7", "object_repr": "╨рчэюх", "action_flag": 1, "change_message": "[{\"added\": {}}]"}}, {"model": "admin.logentry", "pk": 49, "fields": {"action_time": "2022-07-19T18:42:31.428Z", "user": 1, "content_type": 15, "object_id": "1", "object_repr": "╩рьшэ Arriaga Amberes", "action_flag": 1, "change_message": "[{\"added\": {}}]"}}, {"model": "admin.logentry", "pk": 50, "fields": {"action_time": "2022-07-19T18:42:52.860Z", "user": 1, "content_type": 15, "object_id": "1", "object_repr": "╩рьшэ Arriaga Amberes", "action_flag": 2, "change_message": "[{\"changed\": {\"fields\": [\"\\u0426\\u0435\\u043d\\u0430\", \"\\u0421\\u043a\\u0438\\u0434\\u043a\\u0430\"]}}]"}}, {"model": "admin.logentry", "pk": 51, "fields": {"action_time": "2022-07-19T18:43:00.366Z", "user": 1, "content_type": 15, "object_id": "1", "object_repr": "╩рьшэ Arriaga Amberes", "action_flag": 2, "change_message": "[{\"changed\": {\"fields\": [\"\\u0421\\u043a\\u0438\\u0434\\u043a\\u0430\"]}}]"}}, {"model": "admin.logentry", "pk": 52, "fields": {"action_time": "2022-07-19T18:43:33.532Z", "user": 1, "content_type": 18, "object_id": "1", "object_repr": "╬Єряыштрхь√щ юс·хь", "action_flag": 1, "change_message": "[{\"added\": {}}]"}}, {"model": "admin.logentry", "pk": 53, "fields": {"action_time": "2022-07-19T18:43:38.864Z", "user": 1, "content_type": 18, "object_id": "2", "object_repr": "╠ю∙эюёЄ№", "action_flag": 1, "change_message": "[{\"added\": {}}]"}}, {"model": "admin.logentry", "pk": 54, "fields": {"action_time": "2022-07-19T18:43:43.056Z", "user": 1, "content_type": 18, "object_id": "3", "object_repr": "─шрярчюэ ью∙эюёЄш", "action_flag": 1, "change_message": "[{\"added\": {}}]"}}, {"model": "admin.logentry", "pk": 55, "fields": {"action_time": "2022-07-19T18:43:46.900Z", "user": 1, "content_type": 18, "object_id": "4", "object_repr": "╠рЄхЁшры Єюяъш", "action_flag": 1, "change_message": "[{\"added\": {}}]"}}, {"model": "admin.logentry", "pk": 56, "fields": {"action_time": "2022-07-19T18:43:53.491Z", "user": 1, "content_type": 18, "object_id": "5", "object_repr": "┬рЁюўэр  яютхЁїэюёЄ№", "action_flag": 1, "change_message": "[{\"added\": {}}]"}}, {"model": "admin.logentry", "pk": 57, "fields": {"action_time": "2022-07-19T18:44:45.333Z", "user": 1, "content_type": 17, "object_id": "1", "object_repr": "110 ёь", "action_flag": 1, "change_message": "[{\"added\": {}}]"}}, {"model": "admin.logentry", "pk": 58, "fields": {"action_time": "2022-07-19T18:45:07.371Z", "user": 1, "content_type": 17, "object_id": "2", "object_repr": "192 ёь", "action_flag": 1, "change_message": "[{\"added\": {}}]"}}, {"model": "admin.logentry", "pk": 59, "fields": {"action_time": "2022-07-19T18:45:16.278Z", "user": 1, "content_type": 17, "object_id": "3", "object_repr": "93", "action_flag": 1, "change_message": "[{\"added\": {}}]"}}, {"model": "admin.logentry", "pk": 60, "fields": {"action_time": "2022-07-19T18:45:23.941Z", "user": 1, "content_type": 17, "object_id": "3", "object_repr": "93 ёь", "action_flag": 2, "change_message": "[{\"changed\": {\"fields\": [\"\\u0417\\u043d\\u0430\\u0447\\u0435\\u043d\\u0438\\u0435\"]}}]"}}, {"model": "admin.logentry", "pk": 61, "fields": {"action_time": "2022-07-19T18:45:42.969Z", "user": 1, "content_type": 17, "object_id": "2", "object_repr": "─хЁхтю", "action_flag": 2, "change_message": "[{\"changed\": {\"fields\": [\"\\u0425\\u0430\\u0440\\u0430\\u043a\\u0442\\u0435\\u0440\\u0438\\u0441\\u0442\\u0438\\u043a\\u0430\", \"\\u0417\\u043d\\u0430\\u0447\\u0435\\u043d\\u0438\\u0435\"]}}]"}}, {"model": "admin.logentry", "pk": 62, "fields": {"action_time": "2022-07-19T18:46:25.317Z", "user": 1, "content_type": 17, "object_id": "4", "object_repr": "─хЁхтю", "action_flag": 1, "change_message": "[{\"added\": {}}]"}}, {"model": "admin.logentry", "pk": 63, "fields": {"action_time": "2022-07-19T18:46:57.111Z", "user": 1, "content_type": 17, "object_id": "2", "object_repr": "110 ёь", "action_flag": 2, "change_message": "[{\"changed\": {\"fields\": [\"\\u0425\\u0430\\u0440\\u0430\\u043a\\u0442\\u0435\\u0440\\u0438\\u0441\\u0442\\u0438\\u043a\\u0430\", \"\\u0417\\u043d\\u0430\\u0447\\u0435\\u043d\\u0438\\u0435\"]}}]"}}, {"model": "admin.logentry", "pk": 64, "fields": {"action_time": "2022-07-19T18:47:07.652Z", "user": 1, "content_type": 17, "object_id": "2", "object_repr": "150 ёь", "action_flag": 2, "change_message": "[{\"changed\": {\"fields\": [\"\\u0425\\u0430\\u0440\\u0430\\u043a\\u0442\\u0435\\u0440\\u0438\\u0441\\u0442\\u0438\\u043a\\u0430\", \"\\u0417\\u043d\\u0430\\u0447\\u0435\\u043d\\u0438\\u0435\"]}}]"}}, {"model": "admin.logentry", "pk": 65, "fields": {"action_time": "2022-07-19T18:47:17.636Z", "user": 1, "content_type": 17, "object_id": "5", "object_repr": "1.6 ъєс.ь", "action_flag": 1, "change_message": "[{\"added\": {}}]"}}, {"model": "admin.logentry", "pk": 66, "fields": {"action_time": "2022-07-19T19:29:00.165Z", "user": 1, "content_type": 15, "object_id": "1", "object_repr": "╩рьшэ Arriaga Amberes", "action_flag": 2, "change_message": "[{\"changed\": {\"fields\": [\"\\u0425\\u0430\\u0440\\u0430\\u043a\\u0442\\u0435\\u0440\\u0438\\u0441\\u0442\\u0438\\u043a\\u0438 \\u043f\\u0440\\u043e\\u0434\\u0443\\u043a\\u0442\\u0430\"]}}]"}}, {"model": "admin.logentry", "pk": 67, "fields": {"action_time": "2022-07-19T19:35:09.119Z", "user": 1, "content_type": 15, "object_id": "1", "object_repr": "╩рьшэ Arriaga Amberes", "action_flag": 2, "change_message": "[{\"changed\": {\"fields\": [\"\\u0425\\u0430\\u0440\\u0430\\u043a\\u0442\\u0435\\u0440\\u0438\\u0441\\u0442\\u0438\\u043a\\u0438 \\u043f\\u0440\\u043e\\u0434\\u0443\\u043a\\u0442\\u0430\"]}}]"}}, {"model": "admin.logentry", "pk": 68, "fields": {"action_time": "2022-07-19T20:17:16.440Z", "user": 1, "content_type": 15, "object_id": "1", "object_repr": "╩рьшэ Arriaga Amberes", "action_flag": 2, "change_message": "[{\"changed\": {\"fields\": [\"\\u041a\\u0430\\u0442\\u0435\\u0433\\u043e\\u0440\\u0438\\u044f \\u043f\\u0440\\u043e\\u0434\\u0443\\u043a\\u0442\\u0430\"]}}]"}}, {"model": "admin.logentry", "pk": 69, "fields": {"action_time": "2022-07-19T20:39:57.861Z", "user": 1, "content_type": 10, "object_id": "4", "object_repr": "┼∙х ъръющ-Єю яюёЄ", "action_flag": 3, "change_message": ""}}, {"model": "admin.logentry", "pk": 70, "fields": {"action_time": "2022-07-19T20:53:53.839Z", "user": 1, "content_type": 15, "object_id": "1", "object_repr": "╩рьшэ Arriaga Amberes", "action_flag": 2, "change_message": "[{\"changed\": {\"fields\": [\"\\u041a\\u0430\\u0442\\u0435\\u0433\\u043e\\u0440\\u0438\\u044f \\u043f\\u0440\\u043e\\u0434\\u0443\\u043a\\u0442\\u0430\"]}}]"}}, {"model": "admin.logentry", "pk": 71, "fields": {"action_time": "2022-07-20T06:29:20.023Z", "user": 1, "content_type": 18, "object_id": "6", "object_repr": "╨рчьхЁ", "action_flag": 1, "change_message": "[{\"added\": {}}]"}}, {"model": "admin.logentry", "pk": 72, "fields": {"action_time": "2022-07-20T06:29:38.064Z", "user": 1, "content_type": 17, "object_id": "6", "object_repr": "╨рчьхЁ: 220x110 ёь", "action_flag": 1, "change_message": "[{\"added\": {}}]"}}, {"model": "admin.logentry", "pk": 73, "fields": {"action_time": "2022-07-20T06:30:01.495Z", "user": 1, "content_type": 15, "object_id": "2", "object_repr": "╩рьшэ La Romaine Louis XVI", "action_flag": 1, "change_message": "[{\"added\": {}}]"}}, {"model": "admin.logentry", "pk": 74, "fields": {"action_time": "2022-07-20T09:20:45.488Z", "user": 1, "content_type": 9, "object_id": "3", "object_repr": "┴ыр сыр", "action_flag": 1, "change_message": "[{\"added\": {}}]"}}, {"model": "admin.logentry", "pk": 75, "fields": {"action_time": "2022-07-20T09:22:16.254Z", "user": 1, "content_type": 10, "object_id": "5", "object_repr": "═рчтрэшх яюёЄр2", "action_flag": 1, "change_message": "[{\"added\": {}}]"}}, {"model": "admin.logentry", "pk": 76, "fields": {"action_time": "2022-07-20T09:22:27.091Z", "user": 1, "content_type": 10, "object_id": "5", "object_repr": "═рчтрэшх яюёЄр2", "action_flag": 2, "change_message": "[{\"changed\": {\"fields\": [\"Photo\"]}}]"}}, {"model": "admin.logentry", "pk": 77, "fields": {"action_time": "2022-07-20T09:23:23.043Z", "user": 1, "content_type": 12, "object_id": "1", "object_repr": "╧ЁюхъЄ \"┬хэхЎш \"", "action_flag": 2, "change_message": "[{\"changed\": {\"fields\": [\"\\u0424\\u043e\\u0442\\u043e\\u0433\\u0440\\u0430\\u0444\\u0438\\u044f\"]}}]"}}, {"model": "admin.logentry", "pk": 78, "fields": {"action_time": "2022-07-20T19:34:28.705Z", "user": 1, "content_type": 15, "object_id": "2", "object_repr": "╩рьшэ La Romaine Louis XVI", "action_flag": 2, "change_message": "[{\"changed\": {\"fields\": [\"\\u0421\\u043a\\u0438\\u0434\\u043a\\u0430\"]}}]"}}, {"model": "admin.logentry", "pk": 79, "fields": {"action_time": "2022-07-20T19:34:53.067Z", "user": 1, "content_type": 15, "object_id": "2", "object_repr": "╩рьшэ La Romaine Louis XVI", "action_flag": 2, "change_message": "[]"}}, {"model": "admin.logentry", "pk": 80, "fields": {"action_time": "2022-07-20T19:35:00.152Z", "user": 1, "content_type": 15, "object_id": "2", "object_repr": "╩рьшэ La Romaine Louis XVI2", "action_flag": 2, "change_message": "[{\"changed\": {\"fields\": [\"\\u041d\\u0430\\u0437\\u0432\\u0430\\u043d\\u0438\\u0435 \\u043f\\u0440\\u043e\\u0434\\u0443\\u043a\\u0442\\u0430\"]}}]"}}, {"model": "admin.logentry", "pk": 81, "fields": {"action_time": "2022-07-21T07:48:52.539Z", "user": 1, "content_type": 10, "object_id": "5", "object_repr": "═рчтрэшх яюёЄр2", "action_flag": 3, "change_message": ""}}, {"model": "admin.logentry", "pk": 82, "fields": {"action_time": "2022-07-21T07:48:57.169Z", "user": 1, "content_type": 9, "object_id": "3", "object_repr": "┴ыр сыр", "action_flag": 3, "change_message": ""}}, {"model": "admin.logentry", "pk": 83, "fields": {"action_time": "2022-07-21T07:49:55.340Z", "user": 1, "content_type": 15, "object_id": "1", "object_repr": "╩рьшэ Arriaga Amberes", "action_flag": 2, "change_message": "[{\"changed\": {\"fields\": [\"\\u041e\\u043f\\u0438\\u0441\\u0430\\u043d\\u0438\\u0435 \\u043f\\u0440\\u043e\\u0434\\u0443\\u043a\\u0442\\u0430\"]}}]"}}, {"model": "admin.logentry", "pk": 84, "fields": {"action_time": "2022-07-21T07:50:01.004Z", "user": 1, "content_type": 15, "object_id": "2", "object_repr": "╩рьшэ La Romaine Louis XVI2", "action_flag": 2, "change_message": "[{\"changed\": {\"fields\": [\"\\u041e\\u043f\\u0438\\u0441\\u0430\\u043d\\u0438\\u0435 \\u043f\\u0440\\u043e\\u0434\\u0443\\u043a\\u0442\\u0430\"]}}]"}}, {"model": "admin.logentry", "pk": 85, "fields": {"action_time": "2022-07-21T07:59:58.348Z", "user": 1, "content_type": 15, "object_id": "1", "object_repr": "╩рьшэ Arriaga Amberes", "action_flag": 2, "change_message": "[{\"changed\": {\"fields\": [\"\\u0424\\u043e\\u0442\\u043e\\u0433\\u0440\\u0430\\u0444\\u0438\\u044f \\u0432 \\u043a\\u0430\\u0440\\u0442\\u043e\\u0447\\u043a\\u0435\"]}}]"}}, {"model": "admin.logentry", "pk": 86, "fields": {"action_time": "2022-07-21T08:00:02.314Z", "user": 1, "content_type": 15, "object_id": "1", "object_repr": "╩рьшэ Arriaga Amberes", "action_flag": 2, "change_message": "[]"}}, {"model": "admin.logentry", "pk": 87, "fields": {"action_time": "2022-07-21T08:00:09.066Z", "user": 1, "content_type": 15, "object_id": "2", "object_repr": "╩рьшэ La Romaine Louis XVI2", "action_flag": 2, "change_message": "[{\"changed\": {\"fields\": [\"\\u0424\\u043e\\u0442\\u043e\\u0433\\u0440\\u0430\\u0444\\u0438\\u044f \\u0432 \\u043a\\u0430\\u0440\\u0442\\u043e\\u0447\\u043a\\u0435\"]}}]"}}, {"model": "admin.logentry", "pk": 88, "fields": {"action_time": "2022-07-21T08:05:28.293Z", "user": 1, "content_type": 15, "object_id": "1", "object_repr": "╩рьшэ Arriaga Amberes", "action_flag": 2, "change_message": "[]"}}, {"model": "admin.logentry", "pk": 89, "fields": {"action_time": "2022-07-21T08:05:31.970Z", "user": 1, "content_type": 15, "object_id": "2", "object_repr": "╩рьшэ La Romaine Louis XVI2", "action_flag": 2, "change_message": "[]"}}, {"model": "admin.logentry", "pk": 90, "fields": {"action_time": "2022-07-21T08:06:42.632Z", "user": 1, "content_type": 15, "object_id": "1", "object_repr": "╩рьшэ Arriaga Amberes", "action_flag": 2, "change_message": "[{\"changed\": {\"fields\": [\"\\u041f\\u0440\\u0435\\u0434\\u043f\\u0440\\u043e\\u0441\\u043c\\u0430\\u0442\\u0440\\u0438\\u0432\\u0430\\u0435\\u043c\\u044b\\u0439 \\u043a\\u043e\\u043d\\u0442\\u0435\\u043d\\u0442\"]}}]"}}, {"model": "admin.logentry", "pk": 91, "fields": {"action_time": "2022-07-21T08:06:46.298Z", "user": 1, "content_type": 15, "object_id": "2", "object_repr": "╩рьшэ La Romaine Louis XVI2", "action_flag": 2, "change_message": "[{\"changed\": {\"fields\": [\"\\u041f\\u0440\\u0435\\u0434\\u043f\\u0440\\u043e\\u0441\\u043c\\u0430\\u0442\\u0440\\u0438\\u0432\\u0430\\u0435\\u043c\\u044b\\u0439 \\u043a\\u043e\\u043d\\u0442\\u0435\\u043d\\u0442\"]}}]"}}, {"model": "admin.logentry", "pk": 92, "fields": {"action_time": "2022-07-21T16:05:26.937Z", "user": 1, "content_type": 18, "object_id": "7", "object_repr": "╒рЁръЄхЁшёЄшър1", "action_flag": 1, "change_message": "[{\"added\": {}}]"}}, {"model": "admin.logentry", "pk": 93, "fields": {"action_time": "2022-07-21T16:05:36.333Z", "user": 1, "content_type": 18, "object_id": "8", "object_repr": "╒рЁръЄхЁшёЄшър2", "action_flag": 1, "change_message": "[{\"added\": {}}]"}}, {"model": "admin.logentry", "pk": 94, "fields": {"action_time": "2022-07-21T16:05:44.437Z", "user": 1, "content_type": 18, "object_id": "9", "object_repr": "┼∙х ърър -Єю їрЁръЄхЁшёЄшър", "action_flag": 1, "change_message": "[{\"added\": {}}]"}}, {"model": "admin.logentry", "pk": 95, "fields": {"action_time": "2022-07-21T16:06:04.452Z", "user": 1, "content_type": 17, "object_id": "7", "object_repr": "╒рЁръЄхЁшёЄшър1: ╟эрўхэшх1", "action_flag": 1, "change_message": "[{\"added\": {}}]"}}, {"model": "admin.logentry", "pk": 96, "fields": {"action_time": "2022-07-21T16:06:18.334Z", "user": 1, "content_type": 17, "object_id": "8", "object_repr": "╒рЁръЄхЁшёЄшър2: ╟эрўхэшх", "action_flag": 1, "change_message": "[{\"added\": {}}]"}}, {"model": "admin.logentry", "pk": 97, "fields": {"action_time": "2022-07-21T16:06:31.161Z", "user": 1, "content_type": 17, "object_id": "9", "object_repr": "┼∙х ърър -Єю їрЁръЄхЁшёЄшър: ┼∙х ъръюх-Єю чэрўхэшх", "action_flag": 1, "change_message": "[{\"added\": {}}]"}}, {"model": "admin.logentry", "pk": 98, "fields": {"action_time": "2022-07-21T16:09:43.637Z", "user": 1, "content_type": 15, "object_id": "3", "object_repr": "╩рьшэ La Romaine Montjean", "action_flag": 1, "change_message": "[{\"added\": {}}]"}}, {"model": "admin.logentry", "pk": 99, "fields": {"action_time": "2022-07-21T16:15:39.317Z", "user": 1, "content_type": 15, "object_id": "3", "object_repr": "╩рьшэ La Romaine Montjean", "action_flag": 2, "change_message": "[{\"changed\": {\"fields\": [\"\\u0425\\u0430\\u0440\\u0430\\u043a\\u0442\\u0435\\u0440\\u0438\\u0441\\u0442\\u0438\\u043a\\u0438 \\u043f\\u0440\\u043e\\u0434\\u0443\\u043a\\u0442\\u0430\"]}}]"}}, {"model": "admin.logentry", "pk": 100, "fields": {"action_time": "2022-07-21T16:15:45.561Z", "user": 1, "content_type": 17, "object_id": "9", "object_repr": "┼∙х ърър -Єю їрЁръЄхЁшёЄшър: ┼∙х ъръюх-Єю чэрўхэшх", "action_flag": 3, "change_message": ""}}, {"model": "admin.logentry", "pk": 101, "fields": {"action_time": "2022-07-21T18:09:11.682Z", "user": 1, "content_type": 15, "object_id": "4", "object_repr": "╩рьшэ Contura i4m  Modern 7600WD", "action_flag": 1, "change_message": "[{\"added\": {}}]"}}, {"model": "admin.logentry", "pk": 102, "fields": {"action_time": "2022-07-21T18:33:46.945Z", "user": 1, "content_type": 15, "object_id": "5", "object_repr": "╥ютрЁ1", "action_flag": 1, "change_message": "[{\"added\": {}}]"}}, {"model": "admin.logentry", "pk": 103, "fields": {"action_time": "2022-07-21T18:33:49.831Z", "user": 1, "content_type": 15, "object_id": "5", "object_repr": "╥ютрЁ1", "action_flag": 2, "change_message": "[]"}}, {"model": "admin.logentry", "pk": 104, "fields": {"action_time": "2022-07-21T18:33:56.589Z", "user": 1, "content_type": 15, "object_id": "5", "object_repr": "╥ютрЁ1", "action_flag": 2, "change_message": "[]"}}, {"model": "admin.logentry", "pk": 105, "fields": {"action_time": "2022-07-21T18:34:28.755Z", "user": 1, "content_type": 15, "object_id": "6", "object_repr": "╥ютрЁ2", "action_flag": 1, "change_message": "[{\"added\": {}}]"}}, {"model": "admin.logentry", "pk": 106, "fields": {"action_time": "2022-07-21T18:40:35.805Z", "user": 1, "content_type": 15, "object_id": "7", "object_repr": "╥ютрЁ 3", "action_flag": 1, "change_message": "[{\"added\": {}}]"}}, {"model": "admin.logentry", "pk": 107, "fields": {"action_time": "2022-07-21T19:04:56.085Z", "user": 1, "content_type": 15, "object_id": "6", "object_repr": "╥ютрЁ2", "action_flag": 2, "change_message": "[{\"changed\": {\"fields\": [\"\\u0421\\u043a\\u0438\\u0434\\u043a\\u0430\"]}}]"}}, {"model": "admin.logentry", "pk": 108, "fields": {"action_time": "2022-07-22T06:21:52.848Z", "user": 1, "content_type": 19, "object_id": "1", "object_repr": "╩рьшэ Arriaga Amberes", "action_flag": 1, "change_message": "[{\"added\": {}}]"}}, {"model": "admin.logentry", "pk": 109, "fields": {"action_time": "2022-07-22T06:22:00.579Z", "user": 1, "content_type": 19, "object_id": "2", "object_repr": "╩рьшэ Arriaga Amberes", "action_flag": 1, "change_message": "[{\"added\": {}}]"}}, {"model": "admin.logentry", "pk": 110, "fields": {"action_time": "2022-07-22T06:23:28.879Z", "user": 1, "content_type": 19, "object_id": "3", "object_repr": "╩рьшэ Arriaga Amberes", "action_flag": 1, "change_message": "[{\"added\": {}}]"}}, {"model": "admin.logentry", "pk": 111, "fields": {"action_time": "2022-07-22T06:44:30.605Z", "user": 1, "content_type": 19, "object_id": "3", "object_repr": "╩рьшэ Arriaga Amberes", "action_flag": 2, "change_message": "[{\"changed\": {\"fields\": [\"\\u0424\\u043e\\u0442\\u043e\\u0433\\u0440\\u0430\\u0444\\u0438\\u044f\"]}}]"}}, {"model": "admin.logentry", "pk": 112, "fields": {"action_time": "2022-07-22T06:44:34.690Z", "user": 1, "content_type": 19, "object_id": "4", "object_repr": "╩рьшэ Arriaga Amberes", "action_flag": 1, "change_message": "[{\"added\": {}}]"}}, {"model": "admin.logentry", "pk": 113, "fields": {"action_time": "2022-07-22T06:44:38.617Z", "user": 1, "content_type": 19, "object_id": "5", "object_repr": "╩рьшэ Arriaga Amberes", "action_flag": 1, "change_message": "[{\"added\": {}}]"}}, {"model": "admin.logentry", "pk": 114, "fields": {"action_time": "2022-07-22T06:56:21.587Z", "user": 1, "content_type": 19, "object_id": "1", "object_repr": "╩рьшэ Arriaga Amberes", "action_flag": 3, "change_message": ""}}, {"model": "admin.logentry", "pk": 115, "fields": {"action_time": "2022-07-22T06:56:25.046Z", "user": 1, "content_type": 19, "object_id": "2", "object_repr": "╩рьшэ Arriaga Amberes", "action_flag": 3, "change_message": ""}}, {"model": "admin.logentry", "pk": 116, "fields": {"action_time": "2022-07-23T21:38:23.901Z", "user": 1, "content_type": 19, "object_id": "6", "object_repr": "╩рьшэ La Romaine Louis XVI2", "action_flag": 1, "change_message": "[{\"added\": {}}]"}}, {"model": "admin.logentry", "pk": 117, "fields": {"action_time": "2022-07-23T21:38:31.739Z", "user": 1, "content_type": 19, "object_id": "7", "object_repr": "╩рьшэ La Romaine Louis XVI2", "action_flag": 1, "change_message": "[{\"added\": {}}]"}}, {"model": "admin.logentry", "pk": 118, "fields": {"action_time": "2022-07-23T21:38:45.489Z", "user": 1, "content_type": 19, "object_id": "8", "object_repr": "╩рьшэ La Romaine Louis XVI2", "action_flag": 1, "change_message": "[{\"added\": {}}]"}}, {"model": "admin.logentry", "pk": 119, "fields": {"action_time": "2022-07-23T21:41:10.192Z", "user": 1, "content_type": 19, "object_id": "6", "object_repr": "╩рьшэ La Romaine Louis XVI2", "action_flag": 2, "change_message": "[{\"changed\": {\"fields\": [\"\\u0424\\u043e\\u0442\\u043e\\u0433\\u0440\\u0430\\u0444\\u0438\\u044f\"]}}]"}}, {"model": "admin.logentry", "pk": 120, "fields": {"action_time": "2022-07-24T05:51:14.106Z", "user": 1, "content_type": 12, "object_id": "3", "object_repr": "┴ыр сыр", "action_flag": 1, "change_message": "[{\"added\": {}}]"}}, {"model": "admin.logentry", "pk": 121, "fields": {"action_time": "2022-07-25T10:11:22.811Z", "user": 1, "content_type": 18, "object_id": "10", "object_repr": "┴Ёхэф", "action_flag": 1, "change_message": "[{\"added\": {}}]"}}, {"model": "admin.logentry", "pk": 122, "fields": {"action_time": "2022-07-25T10:13:31.862Z", "user": 1, "content_type": 17, "object_id": "10", "object_repr": "┴Ёхэф: Plazetta", "action_flag": 1, "change_message": "[{\"added\": {}}]"}}, {"model": "admin.logentry", "pk": 123, "fields": {"action_time": "2022-07-25T10:13:37.587Z", "user": 1, "content_type": 17, "object_id": "11", "object_repr": "┴Ёхэф: Actoe", "action_flag": 1, "change_message": "[{\"added\": {}}]"}}, {"model": "admin.logentry", "pk": 124, "fields": {"action_time": "2022-07-25T10:13:42.042Z", "user": 1, "content_type": 17, "object_id": "12", "object_repr": "┴Ёхэф: Gefest", "action_flag": 1, "change_message": "[{\"added\": {}}]"}}, {"model": "admin.logentry", "pk": 125, "fields": {"action_time": "2022-07-25T10:13:48.946Z", "user": 1, "content_type": 17, "object_id": "13", "object_repr": "┴Ёхэф: Contura", "action_flag": 1, "change_message": "[{\"added\": {}}]"}}, {"model": "admin.logentry", "pk": 126, "fields": {"action_time": "2022-07-25T10:13:53.559Z", "user": 1, "content_type": 17, "object_id": "14", "object_repr": "┴Ёхэф: Brurer", "action_flag": 1, "change_message": "[{\"added\": {}}]"}}, {"model": "admin.logentry", "pk": 127, "fields": {"action_time": "2022-07-25T10:14:38.150Z", "user": 1, "content_type": 15, "object_id": "5", "object_repr": "╥ютрЁ1", "action_flag": 2, "change_message": "[{\"changed\": {\"fields\": [\"\\u0425\\u0430\\u0440\\u0430\\u043a\\u0442\\u0435\\u0440\\u0438\\u0441\\u0442\\u0438\\u043a\\u0438 \\u043f\\u0440\\u043e\\u0434\\u0443\\u043a\\u0442\\u0430\"]}}]"}}, {"model": "admin.logentry", "pk": 128, "fields": {"action_time": "2022-07-25T10:14:57.611Z", "user": 1, "content_type": 15, "object_id": "5", "object_repr": "╥ютрЁ1", "action_flag": 2, "change_message": "[{\"changed\": {\"fields\": [\"\\u0425\\u0430\\u0440\\u0430\\u043a\\u0442\\u0435\\u0440\\u0438\\u0441\\u0442\\u0438\\u043a\\u0438 \\u043f\\u0440\\u043e\\u0434\\u0443\\u043a\\u0442\\u0430\"]}}]"}}, {"model": "admin.logentry", "pk": 129, "fields": {"action_time": "2022-07-25T10:15:07.528Z", "user": 1, "content_type": 15, "object_id": "4", "object_repr": "╩рьшэ Contura i4m  Modern 7600WD", "action_flag": 2, "change_message": "[{\"changed\": {\"fields\": [\"\\u0425\\u0430\\u0440\\u0430\\u043a\\u0442\\u0435\\u0440\\u0438\\u0441\\u0442\\u0438\\u043a\\u0438 \\u043f\\u0440\\u043e\\u0434\\u0443\\u043a\\u0442\\u0430\"]}}]"}}, {"model": "admin.logentry", "pk": 130, "fields": {"action_time": "2022-07-25T10:15:16.854Z", "user": 1, "content_type": 15, "object_id": "3", "object_repr": "╩рьшэ La Romaine Montjean", "action_flag": 2, "change_message": "[{\"changed\": {\"fields\": [\"\\u0425\\u0430\\u0440\\u0430\\u043a\\u0442\\u0435\\u0440\\u0438\\u0441\\u0442\\u0438\\u043a\\u0438 \\u043f\\u0440\\u043e\\u0434\\u0443\\u043a\\u0442\\u0430\"]}}]"}}, {"model": "admin.logentry", "pk": 131, "fields": {"action_time": "2022-07-25T10:15:21.102Z", "user": 1, "content_type": 15, "object_id": "2", "object_repr": "╩рьшэ La Romaine Louis XVI2", "action_flag": 2, "change_message": "[{\"changed\": {\"fields\": [\"\\u0425\\u0430\\u0440\\u0430\\u043a\\u0442\\u0435\\u0440\\u0438\\u0441\\u0442\\u0438\\u043a\\u0438 \\u043f\\u0440\\u043e\\u0434\\u0443\\u043a\\u0442\\u0430\"]}}]"}}, {"model": "admin.logentry", "pk": 132, "fields": {"action_time": "2022-07-25T10:15:26.137Z", "user": 1, "content_type": 15, "object_id": "1", "object_repr": "╩рьшэ Arriaga Amberes", "action_flag": 2, "change_message": "[{\"changed\": {\"fields\": [\"\\u0425\\u0430\\u0440\\u0430\\u043a\\u0442\\u0435\\u0440\\u0438\\u0441\\u0442\\u0438\\u043a\\u0438 \\u043f\\u0440\\u043e\\u0434\\u0443\\u043a\\u0442\\u0430\"]}}]"}}, {"model": "admin.logentry", "pk": 133, "fields": {"action_time": "2022-07-25T11:33:51.588Z", "user": 1, "content_type": 20, "object_id": "1", "object_repr": "┬√сюЁър ¤ыхьхэЄют", "action_flag": 1, "change_message": "[{\"added\": {}}]"}}, {"model": "admin.logentry", "pk": 134, "fields": {"action_time": "2022-07-25T11:34:03.032Z", "user": 1, "content_type": 20, "object_id": "2", "object_repr": "╧юычєэюъ чэрўхэшщ", "action_flag": 1, "change_message": "[{\"added\": {}}]"}}, {"model": "admin.logentry", "pk": 135, "fields": {"action_time": "2022-07-25T11:44:14.762Z", "user": 1, "content_type": 17, "object_id": "14", "object_repr": "┴Ёхэф: Brurer", "action_flag": 2, "change_message": "[{\"changed\": {\"fields\": [\"\\u0422\\u0438\\u043f\"]}}]"}}, {"model": "admin.logentry", "pk": 136, "fields": {"action_time": "2022-07-25T11:44:19.814Z", "user": 1, "content_type": 17, "object_id": "13", "object_repr": "┴Ёхэф: Contura", "action_flag": 2, "change_message": "[{\"changed\": {\"fields\": [\"\\u0422\\u0438\\u043f\"]}}]"}}, {"model": "admin.logentry", "pk": 137, "fields": {"action_time": "2022-07-25T11:44:23.718Z", "user": 1, "content_type": 17, "object_id": "12", "object_repr": "┴Ёхэф: Gefest", "action_flag": 2, "change_message": "[{\"changed\": {\"fields\": [\"\\u0422\\u0438\\u043f\"]}}]"}}, {"model": "admin.logentry", "pk": 138, "fields": {"action_time": "2022-07-25T11:44:26.610Z", "user": 1, "content_type": 17, "object_id": "11", "object_repr": "┴Ёхэф: Actoe", "action_flag": 2, "change_message": "[{\"changed\": {\"fields\": [\"\\u0422\\u0438\\u043f\"]}}]"}}, {"model": "admin.logentry", "pk": 139, "fields": {"action_time": "2022-07-25T11:44:29.277Z", "user": 1, "content_type": 17, "object_id": "10", "object_repr": "┴Ёхэф: Plazetta", "action_flag": 2, "change_message": "[{\"changed\": {\"fields\": [\"\\u0422\\u0438\\u043f\"]}}]"}}, {"model": "admin.logentry", "pk": 140, "fields": {"action_time": "2022-07-25T11:44:32.498Z", "user": 1, "content_type": 17, "object_id": "10", "object_repr": "┴Ёхэф: Plazetta", "action_flag": 2, "change_message": "[]"}}, {"model": "admin.logentry", "pk": 141, "fields": {"action_time": "2022-07-25T11:44:37.055Z", "user": 1, "content_type": 17, "object_id": "8", "object_repr": "╒рЁръЄхЁшёЄшър2: ╟эрўхэшх", "action_flag": 2, "change_message": "[{\"changed\": {\"fields\": [\"\\u0422\\u0438\\u043f\"]}}]"}}, {"model": "admin.logentry", "pk": 142, "fields": {"action_time": "2022-07-25T11:44:39.578Z", "user": 1, "content_type": 17, "object_id": "7", "object_repr": "╒рЁръЄхЁшёЄшър1: ╟эрўхэшх1", "action_flag": 2, "change_message": "[{\"changed\": {\"fields\": [\"\\u0422\\u0438\\u043f\"]}}]"}}, {"model": "admin.logentry", "pk": 143, "fields": {"action_time": "2022-07-25T12:32:00.205Z", "user": 1, "content_type": 15, "object_id": "2", "object_repr": "╩рьшэ La Romaine Louis XVI2", "action_flag": 2, "change_message": "[]"}}, {"model": "admin.logentry", "pk": 144, "fields": {"action_time": "2022-07-25T12:34:19.922Z", "user": 1, "content_type": 15, "object_id": "1", "object_repr": "╩рьшэ Arriaga Amberes", "action_flag": 2, "change_message": "[{\"changed\": {\"fields\": [\"\\u041f\\u0440\\u043e\\u0438\\u0437\\u0432\\u043e\\u0434\\u0438\\u0442\\u0435\\u043b\\u044c\", \"\\u0420\\u0430\\u0441\\u043f\\u043e\\u043b\\u043e\\u0436\\u0435\\u043d\\u0438\\u0435\", \"\\u0412\\u044b\\u0445\\u043e\\u0434 \\u0434\\u044b\\u043c\\u043e\\u0445\\u043e\\u0434\\u0430\", \"\\u041f\\u0440\\u0438\\u0442\\u043e\\u043a \\u0432\\u043e\\u0437\\u0434\\u0443\\u0445\\u0430 \\u0438\\u0437 \\u0432\\u043d\\u0435\", \"\\u041c\\u0430\\u0442\\u0435\\u0440\\u0438\\u0430\\u043b \\u0442\\u043e\\u043f\\u043a\\u0438\", \"\\u041e\\u0442\\u043a\\u0440\\u044b\\u0442\\u0438\\u0435 \\u0434\\u0432\\u0435\\u0440\\u0446\\u044b\", \"\\u0421\\u0442\\u0435\\u043a\\u043b\\u043e\", \"\\u0414\\u0438\\u0430\\u043c\\u0435\\u0442\\u0440 \\u0434\\u044b\\u043c\\u043e\\u0445\\u043e\\u0434\\u0430\", \"\\u041c\\u043e\\u0449\\u043d\\u043e\\u0441\\u0442\\u044c (\\u041a\\u0432\\u0442)\", \"\\u0413\\u043b\\u0443\\u0431\\u0438\\u043d\\u0430\", \"\\u0428\\u0438\\u0440\\u0438\\u043d\\u0430\", \"\\u0412\\u043e\\u0434\\u044f\\u043d\\u043e\\u0439 \\u043a\\u043e\\u043d\\u0442\\u0443\\u0440\"]}}]"}}, {"model": "admin.logentry", "pk": 145, "fields": {"action_time": "2022-07-25T12:37:04.969Z", "user": 1, "content_type": 15, "object_id": "1", "object_repr": "╩рьшэ Arriaga Amberes", "action_flag": 2, "change_message": "[{\"changed\": {\"fields\": [\"\\u041f\\u0440\\u0438\\u0442\\u043e\\u043a \\u0432\\u043e\\u0437\\u0434\\u0443\\u0445\\u0430 \\u0438\\u0437 \\u0432\\u043d\\u0435\"]}}]"}}, {"model": "admin.logentry", "pk": 146, "fields": {"action_time": "2022-07-25T12:38:06.081Z", "user": 1, "content_type": 15, "object_id": "7", "object_repr": "╥ютрЁ 3", "action_flag": 3, "change_message": ""}}, {"model": "admin.logentry", "pk": 147, "fields": {"action_time": "2022-07-25T12:38:06.087Z", "user": 1, "content_type": 15, "object_id": "6", "object_repr": "╥ютрЁ2", "action_flag": 3, "change_message": ""}}, {"model": "admin.logentry", "pk": 148, "fields": {"action_time": "2022-07-25T12:38:06.091Z", "user": 1, "content_type": 15, "object_id": "5", "object_repr": "╥ютрЁ1", "action_flag": 3, "change_message": ""}}, {"model": "admin.logentry", "pk": 149, "fields": {"action_time": "2022-07-25T12:38:06.095Z", "user": 1, "content_type": 15, "object_id": "4", "object_repr": "╩рьшэ Contura i4m  Modern 7600WD", "action_flag": 3, "change_message": ""}}, {"model": "admin.logentry", "pk": 150, "fields": {"action_time": "2022-07-25T12:40:17.936Z", "user": 1, "content_type": 15, "object_id": "2", "object_repr": "╩рьшэ La Romaine Louis XVI2", "action_flag": 2, "change_message": "[{\"changed\": {\"fields\": [\"\\u041f\\u0440\\u043e\\u0438\\u0437\\u0432\\u043e\\u0434\\u0438\\u0442\\u0435\\u043b\\u044c\", \"\\u0420\\u0430\\u0441\\u043f\\u043e\\u043b\\u043e\\u0436\\u0435\\u043d\\u0438\\u0435\", \"\\u0412\\u044b\\u0445\\u043e\\u0434 \\u0434\\u044b\\u043c\\u043e\\u0445\\u043e\\u0434\\u0430\", \"\\u041f\\u0440\\u0438\\u0442\\u043e\\u043a \\u0432\\u043e\\u0437\\u0434\\u0443\\u0445\\u0430 \\u0438\\u0437 \\u0432\\u043d\\u0435\", \"\\u041c\\u0430\\u0442\\u0435\\u0440\\u0438\\u0430\\u043b \\u0442\\u043e\\u043f\\u043a\\u0438\", \"\\u041e\\u0442\\u043a\\u0440\\u044b\\u0442\\u0438\\u0435 \\u0434\\u0432\\u0435\\u0440\\u0446\\u044b\", \"\\u0421\\u0442\\u0435\\u043a\\u043b\\u043e\", \"\\u0414\\u0438\\u0430\\u043c\\u0435\\u0442\\u0440 \\u0434\\u044b\\u043c\\u043e\\u0445\\u043e\\u0434\\u0430\", \"\\u041c\\u043e\\u0449\\u043d\\u043e\\u0441\\u0442\\u044c (\\u041a\\u0432\\u0442)\", \"\\u0413\\u043b\\u0443\\u0431\\u0438\\u043d\\u0430\", \"\\u0428\\u0438\\u0440\\u0438\\u043d\\u0430\", \"\\u0412\\u043e\\u0434\\u044f\\u043d\\u043e\\u0439 \\u043a\\u043e\\u043d\\u0442\\u0443\\u0440\"]}}]"}}, {"model": "admin.logentry", "pk": 151, "fields": {"action_time": "2022-07-25T12:41:46.905Z", "user": 1, "content_type": 15, "object_id": "3", "object_repr": "╩рьшэ La Romaine Montjean", "action_flag": 2, "change_message": "[{\"changed\": {\"fields\": [\"\\u041f\\u0440\\u043e\\u0438\\u0437\\u0432\\u043e\\u0434\\u0438\\u0442\\u0435\\u043b\\u044c\", \"\\u0420\\u0430\\u0441\\u043f\\u043e\\u043b\\u043e\\u0436\\u0435\\u043d\\u0438\\u0435\", \"\\u0412\\u044b\\u0445\\u043e\\u0434 \\u0434\\u044b\\u043c\\u043e\\u0445\\u043e\\u0434\\u0430\", \"\\u041c\\u0430\\u0442\\u0435\\u0440\\u0438\\u0430\\u043b \\u0442\\u043e\\u043f\\u043a\\u0438\", \"\\u041e\\u0442\\u043a\\u0440\\u044b\\u0442\\u0438\\u0435 \\u0434\\u0432\\u0435\\u0440\\u0446\\u044b\", \"\\u0421\\u0442\\u0435\\u043a\\u043b\\u043e\", \"\\u0414\\u0438\\u0430\\u043c\\u0435\\u0442\\u0440 \\u0434\\u044b\\u043c\\u043e\\u0445\\u043e\\u0434\\u0430\", \"\\u041c\\u043e\\u0449\\u043d\\u043e\\u0441\\u0442\\u044c (\\u041a\\u0432\\u0442)\", \"\\u0413\\u043b\\u0443\\u0431\\u0438\\u043d\\u0430\", \"\\u0428\\u0438\\u0440\\u0438\\u043d\\u0430\"]}}]"}}, {"model": "admin.logentry", "pk": 152, "fields": {"action_time": "2022-07-25T15:08:42.772Z", "user": 1, "content_type": 21, "object_id": "1", "object_repr": "┬√сюЁър ¤ыхьхэЄют", "action_flag": 1, "change_message": "[{\"added\": {}}]"}}, {"model": "admin.logentry", "pk": 153, "fields": {"action_time": "2022-07-25T15:08:44.896Z", "user": 1, "content_type": 21, "object_id": "2", "object_repr": "╧юычєэюъ чэрўхэшщ", "action_flag": 1, "change_message": "[{\"added\": {}}]"}}, {"model": "admin.logentry", "pk": 154, "fields": {"action_time": "2022-07-25T15:09:10.705Z", "user": 1, "content_type": 17, "object_id": "14", "object_repr": "┴Ёхэф: Brurer", "action_flag": 2, "change_message": "[{\"changed\": {\"fields\": [\"\\u0422\\u0438\\u043f\"]}}]"}}, {"model": "admin.logentry", "pk": 155, "fields": {"action_time": "2022-07-25T15:09:14.448Z", "user": 1, "content_type": 17, "object_id": "13", "object_repr": "┴Ёхэф: Contura", "action_flag": 2, "change_message": "[{\"changed\": {\"fields\": [\"\\u0422\\u0438\\u043f\"]}}]"}}, {"model": "admin.logentry", "pk": 156, "fields": {"action_time": "2022-07-25T15:09:17.322Z", "user": 1, "content_type": 17, "object_id": "12", "object_repr": "┴Ёхэф: Gefest", "action_flag": 2, "change_message": "[{\"changed\": {\"fields\": [\"\\u0422\\u0438\\u043f\"]}}]"}}, {"model": "admin.logentry", "pk": 157, "fields": {"action_time": "2022-07-25T15:09:20.589Z", "user": 1, "content_type": 17, "object_id": "11", "object_repr": "┴Ёхэф: Actoe", "action_flag": 2, "change_message": "[{\"changed\": {\"fields\": [\"\\u0422\\u0438\\u043f\"]}}]"}}, {"model": "admin.logentry", "pk": 158, "fields": {"action_time": "2022-07-25T15:09:23.134Z", "user": 1, "content_type": 17, "object_id": "10", "object_repr": "┴Ёхэф: Plazetta", "action_flag": 2, "change_message": "[{\"changed\": {\"fields\": [\"\\u0422\\u0438\\u043f\"]}}]"}}, {"model": "admin.logentry", "pk": 159, "fields": {"action_time": "2022-07-25T15:09:27.021Z", "user": 1, "content_type": 17, "object_id": "8", "object_repr": "╒рЁръЄхЁшёЄшър2: ╟эрўхэшх", "action_flag": 2, "change_message": "[{\"changed\": {\"fields\": [\"\\u0422\\u0438\\u043f\"]}}]"}}, {"model": "admin.logentry", "pk": 160, "fields": {"action_time": "2022-07-25T15:09:29.784Z", "user": 1, "content_type": 17, "object_id": "7", "object_repr": "╒рЁръЄхЁшёЄшър1: ╟эрўхэшх1", "action_flag": 2, "change_message": "[{\"changed\": {\"fields\": [\"\\u0422\\u0438\\u043f\"]}}]"}}, {"model": "admin.logentry", "pk": 161, "fields": {"action_time": "2022-07-25T15:09:33.339Z", "user": 1, "content_type": 17, "object_id": "6", "object_repr": "╨рчьхЁ: 220x110 ёь", "action_flag": 2, "change_message": "[{\"changed\": {\"fields\": [\"\\u0422\\u0438\\u043f\"]}}]"}}, {"model": "admin.logentry", "pk": 162, "fields": {"action_time": "2022-07-25T15:09:39.150Z", "user": 1, "content_type": 17, "object_id": "5", "object_repr": "╬Єряыштрхь√щ юс·хь: 1.6 ъєс.ь", "action_flag": 2, "change_message": "[{\"changed\": {\"fields\": [\"\\u0422\\u0438\\u043f\"]}}]"}}, {"model": "admin.logentry", "pk": 163, "fields": {"action_time": "2022-07-25T15:09:54.740Z", "user": 1, "content_type": 17, "object_id": "4", "object_repr": "╠рЄхЁшры Єюяъш: ─хЁхтю", "action_flag": 2, "change_message": "[{\"changed\": {\"fields\": [\"\\u0422\\u0438\\u043f\"]}}]"}}, {"model": "admin.logentry", "pk": 164, "fields": {"action_time": "2022-07-25T15:10:02.879Z", "user": 1, "content_type": 17, "object_id": "2", "object_repr": "┬рЁюўэр  яютхЁїэюёЄ№: 150 ёь", "action_flag": 2, "change_message": "[{\"changed\": {\"fields\": [\"\\u0422\\u0438\\u043f\"]}}]"}}, {"model": "admin.logentry", "pk": 165, "fields": {"action_time": "2022-07-25T15:10:06.807Z", "user": 1, "content_type": 17, "object_id": "1", "object_repr": "╠ю∙эюёЄ№: 110 ёь", "action_flag": 2, "change_message": "[{\"changed\": {\"fields\": [\"\\u0422\\u0438\\u043f\"]}}]"}}, {"model": "admin.logentry", "pk": 166, "fields": {"action_time": "2022-07-25T16:59:36.715Z", "user": 1, "content_type": 17, "object_id": "15", "object_repr": "╠рЄхЁшры Єюяъш: ╫єуєэ", "action_flag": 1, "change_message": "[{\"added\": {}}]"}}, {"model": "admin.logentry", "pk": 167, "fields": {"action_time": "2022-07-25T16:59:44.095Z", "user": 1, "content_type": 17, "object_id": "16", "object_repr": "╠рЄхЁшры Єюяъш: ╤Єры№", "action_flag": 1, "change_message": "[{\"added\": {}}]"}}, {"model": "admin.logentry", "pk": 168, "fields": {"action_time": "2022-07-25T17:00:12.306Z", "user": 1, "content_type": 15, "object_id": "2", "object_repr": "╩рьшэ La Romaine Louis XVI2", "action_flag": 2, "change_message": "[{\"changed\": {\"fields\": [\"\\u0425\\u0430\\u0440\\u0430\\u043a\\u0442\\u0435\\u0440\\u0438\\u0441\\u0442\\u0438\\u043a\\u0438 \\u043f\\u0440\\u043e\\u0434\\u0443\\u043a\\u0442\\u0430\"]}}]"}}, {"model": "admin.logentry", "pk": 169, "fields": {"action_time": "2022-07-25T17:00:20.402Z", "user": 1, "content_type": 15, "object_id": "3", "object_repr": "╩рьшэ La Romaine Montjean", "action_flag": 2, "change_message": "[{\"changed\": {\"fields\": [\"\\u0425\\u0430\\u0440\\u0430\\u043a\\u0442\\u0435\\u0440\\u0438\\u0441\\u0442\\u0438\\u043a\\u0438 \\u043f\\u0440\\u043e\\u0434\\u0443\\u043a\\u0442\\u0430\"]}}]"}}, {"model": "admin.logentry", "pk": 170, "fields": {"action_time": "2022-07-25T17:03:17.655Z", "user": 1, "content_type": 17, "object_id": "5", "object_repr": "╬Єряыштрхь√щ юс·хь: 1.6", "action_flag": 2, "change_message": "[{\"changed\": {\"fields\": [\"\\u0417\\u043d\\u0430\\u0447\\u0435\\u043d\\u0438\\u0435\", \"\\u0412\\u0435\\u043b\\u0438\\u0447\\u0438\\u043d\\u0430 (\\u043c\\u043c, \\u0441\\u043c \\u0438.\\u0442.\\u043f)\"]}}]"}}, {"model": "admin.logentry", "pk": 171, "fields": {"action_time": "2022-07-25T17:03:51.417Z", "user": 1, "content_type": 17, "object_id": "6", "object_repr": "╨рчьхЁ: 220", "action_flag": 2, "change_message": "[{\"changed\": {\"fields\": [\"\\u0417\\u043d\\u0430\\u0447\\u0435\\u043d\\u0438\\u0435\", \"\\u0412\\u0435\\u043b\\u0438\\u0447\\u0438\\u043d\\u0430 (\\u043c\\u043c, \\u0441\\u043c \\u0438.\\u0442.\\u043f)\"]}}]"}}, {"model": "admin.logentry", "pk": 172, "fields": {"action_time": "2022-07-25T17:03:58.475Z", "user": 1, "content_type": 17, "object_id": "8", "object_repr": "╒рЁръЄхЁшёЄшър2: ╟эрўхэшх", "action_flag": 3, "change_message": ""}}, {"model": "admin.logentry", "pk": 173, "fields": {"action_time": "2022-07-25T17:03:58.479Z", "user": 1, "content_type": 17, "object_id": "7", "object_repr": "╒рЁръЄхЁшёЄшър1: ╟эрўхэшх1", "action_flag": 3, "change_message": ""}}, {"model": "admin.logentry", "pk": 174, "fields": {"action_time": "2022-07-25T17:04:15.305Z", "user": 1, "content_type": 17, "object_id": "3", "object_repr": "─шрярчюэ ью∙эюёЄш: 93", "action_flag": 2, "change_message": "[{\"changed\": {\"fields\": [\"\\u0417\\u043d\\u0430\\u0447\\u0435\\u043d\\u0438\\u0435\", \"\\u0422\\u0438\\u043f\", \"\\u0412\\u0435\\u043b\\u0438\\u0447\\u0438\\u043d\\u0430 (\\u043c\\u043c, \\u0441\\u043c \\u0438.\\u0442.\\u043f)\"]}}]"}}, {"model": "admin.logentry", "pk": 175, "fields": {"action_time": "2022-07-25T17:04:31.561Z", "user": 1, "content_type": 17, "object_id": "2", "object_repr": "┬рЁюўэр  яютхЁїэюёЄ№: 150", "action_flag": 2, "change_message": "[{\"changed\": {\"fields\": [\"\\u0417\\u043d\\u0430\\u0447\\u0435\\u043d\\u0438\\u0435\", \"\\u0412\\u0435\\u043b\\u0438\\u0447\\u0438\\u043d\\u0430 (\\u043c\\u043c, \\u0441\\u043c \\u0438.\\u0442.\\u043f)\"]}}]"}}, {"model": "admin.logentry", "pk": 176, "fields": {"action_time": "2022-07-25T17:04:35.848Z", "user": 1, "content_type": 17, "object_id": "1", "object_repr": "╠ю∙эюёЄ№: 110", "action_flag": 2, "change_message": "[{\"changed\": {\"fields\": [\"\\u0417\\u043d\\u0430\\u0447\\u0435\\u043d\\u0438\\u0435\", \"\\u0412\\u0435\\u043b\\u0438\\u0447\\u0438\\u043d\\u0430 (\\u043c\\u043c, \\u0441\\u043c \\u0438.\\u0442.\\u043f)\"]}}]"}}, {"model": "admin.logentry", "pk": 177, "fields": {"action_time": "2022-07-25T17:13:52.694Z", "user": 1, "content_type": 17, "object_id": "5", "object_repr": "╬Єряыштрхь√щ юс·хь: 1.6", "action_flag": 3, "change_message": ""}}, {"model": "admin.logentry", "pk": 178, "fields": {"action_time": "2022-07-25T17:14:23.685Z", "user": 1, "content_type": 17, "object_id": "17", "object_repr": "┬рЁюўэр  яютхЁїэюёЄ№: 50", "action_flag": 1, "change_message": "[{\"added\": {}}]"}}, {"model": "admin.logentry", "pk": 179, "fields": {"action_time": "2022-07-25T17:14:42.684Z", "user": 1, "content_type": 17, "object_id": "18", "object_repr": "┬рЁюўэр  яютхЁїэюёЄ№: 20", "action_flag": 1, "change_message": "[{\"added\": {}}]"}}, {"model": "admin.logentry", "pk": 180, "fields": {"action_time": "2022-07-25T17:14:51.531Z", "user": 1, "content_type": 17, "object_id": "1", "object_repr": "╠ю∙эюёЄ№: 110", "action_flag": 2, "change_message": "[{\"changed\": {\"fields\": [\"\\u0412\\u0435\\u043b\\u0438\\u0447\\u0438\\u043d\\u0430 (\\u043c\\u043c, \\u0441\\u043c \\u0438.\\u0442.\\u043f)\"]}}]"}}, {"model": "admin.logentry", "pk": 181, "fields": {"action_time": "2022-07-25T17:15:01.163Z", "user": 1, "content_type": 17, "object_id": "3", "object_repr": "─шрярчюэ ью∙эюёЄш: 93", "action_flag": 3, "change_message": ""}}, {"model": "admin.logentry", "pk": 182, "fields": {"action_time": "2022-07-25T17:15:28.164Z", "user": 1, "content_type": 17, "object_id": "19", "object_repr": "╠ю∙эюёЄ№: 50", "action_flag": 1, "change_message": "[{\"added\": {}}]"}}, {"model": "admin.logentry", "pk": 183, "fields": {"action_time": "2022-07-25T17:16:05.051Z", "user": 1, "content_type": 17, "object_id": "20", "object_repr": "╠ю∙эюёЄ№: 400", "action_flag": 1, "change_message": "[{\"added\": {}}]"}}, {"model": "admin.logentry", "pk": 184, "fields": {"action_time": "2022-07-25T17:20:02.726Z", "user": 1, "content_type": 15, "object_id": "1", "object_repr": "╩рьшэ Arriaga Amberes", "action_flag": 2, "change_message": "[{\"changed\": {\"fields\": [\"\\u0425\\u0430\\u0440\\u0430\\u043a\\u0442\\u0435\\u0440\\u0438\\u0441\\u0442\\u0438\\u043a\\u0438 \\u043f\\u0440\\u043e\\u0434\\u0443\\u043a\\u0442\\u0430\"]}}]"}}, {"model": "admin.logentry", "pk": 185, "fields": {"action_time": "2022-07-25T17:20:14.561Z", "user": 1, "content_type": 15, "object_id": "2", "object_repr": "╩рьшэ La Romaine Louis XVI2", "action_flag": 2, "change_message": "[{\"changed\": {\"fields\": [\"\\u0425\\u0430\\u0440\\u0430\\u043a\\u0442\\u0435\\u0440\\u0438\\u0441\\u0442\\u0438\\u043a\\u0438 \\u043f\\u0440\\u043e\\u0434\\u0443\\u043a\\u0442\\u0430\"]}}]"}}, {"model": "admin.logentry", "pk": 186, "fields": {"action_time": "2022-07-25T17:20:17.852Z", "user": 1, "content_type": 15, "object_id": "1", "object_repr": "╩рьшэ Arriaga Amberes", "action_flag": 2, "change_message": "[]"}}, {"model": "admin.logentry", "pk": 187, "fields": {"action_time": "2022-07-25T17:20:23.222Z", "user": 1, "content_type": 15, "object_id": "2", "object_repr": "╩рьшэ La Romaine Louis XVI2", "action_flag": 2, "change_message": "[{\"changed\": {\"fields\": [\"\\u0425\\u0430\\u0440\\u0430\\u043a\\u0442\\u0435\\u0440\\u0438\\u0441\\u0442\\u0438\\u043a\\u0438 \\u043f\\u0440\\u043e\\u0434\\u0443\\u043a\\u0442\\u0430\"]}}]"}}, {"model": "admin.logentry", "pk": 188, "fields": {"action_time": "2022-07-25T17:20:34.183Z", "user": 1, "content_type": 15, "object_id": "3", "object_repr": "╩рьшэ La Romaine Montjean", "action_flag": 2, "change_message": "[{\"changed\": {\"fields\": [\"\\u0425\\u0430\\u0440\\u0430\\u043a\\u0442\\u0435\\u0440\\u0438\\u0441\\u0442\\u0438\\u043a\\u0438 \\u043f\\u0440\\u043e\\u0434\\u0443\\u043a\\u0442\\u0430\"]}}]"}}, {"model": "admin.logentry", "pk": 189, "fields": {"action_time": "2022-07-25T17:21:14.856Z", "user": 1, "content_type": 15, "object_id": "1", "object_repr": "╩рьшэ Arriaga Amberes", "action_flag": 2, "change_message": "[{\"changed\": {\"fields\": [\"\\u0425\\u0430\\u0440\\u0430\\u043a\\u0442\\u0435\\u0440\\u0438\\u0441\\u0442\\u0438\\u043a\\u0438 \\u043f\\u0440\\u043e\\u0434\\u0443\\u043a\\u0442\\u0430\"]}}]"}}, {"model": "admin.logentry", "pk": 190, "fields": {"action_time": "2022-07-25T17:21:19.952Z", "user": 1, "content_type": 15, "object_id": "2", "object_repr": "╩рьшэ La Romaine Louis XVI2", "action_flag": 2, "change_message": "[{\"changed\": {\"fields\": [\"\\u0425\\u0430\\u0440\\u0430\\u043a\\u0442\\u0435\\u0440\\u0438\\u0441\\u0442\\u0438\\u043a\\u0438 \\u043f\\u0440\\u043e\\u0434\\u0443\\u043a\\u0442\\u0430\"]}}]"}}, {"model": "admin.logentry", "pk": 191, "fields": {"action_time": "2022-07-25T17:21:26.058Z", "user": 1, "content_type": 15, "object_id": "3", "object_repr": "╩рьшэ La Romaine Montjean", "action_flag": 2, "change_message": "[{\"changed\": {\"fields\": [\"\\u0425\\u0430\\u0440\\u0430\\u043a\\u0442\\u0435\\u0440\\u0438\\u0441\\u0442\\u0438\\u043a\\u0438 \\u043f\\u0440\\u043e\\u0434\\u0443\\u043a\\u0442\\u0430\"]}}]"}}, {"model": "admin.logentry", "pk": 192, "fields": {"action_time": "2022-07-25T17:21:36.136Z", "user": 1, "content_type": 15, "object_id": "2", "object_repr": "╩рьшэ La Romaine Louis XVI2", "action_flag": 2, "change_message": "[{\"changed\": {\"fields\": [\"\\u0425\\u0430\\u0440\\u0430\\u043a\\u0442\\u0435\\u0440\\u0438\\u0441\\u0442\\u0438\\u043a\\u0438 \\u043f\\u0440\\u043e\\u0434\\u0443\\u043a\\u0442\\u0430\"]}}]"}}, {"model": "admin.logentry", "pk": 193, "fields": {"action_time": "2022-07-25T17:21:51.588Z", "user": 1, "content_type": 15, "object_id": "1", "object_repr": "╩рьшэ Arriaga Amberes", "action_flag": 2, "change_message": "[]"}}, {"model": "admin.logentry", "pk": 194, "fields": {"action_time": "2022-07-25T17:21:58.302Z", "user": 1, "content_type": 15, "object_id": "2", "object_repr": "╩рьшэ La Romaine Louis XVI2", "action_flag": 2, "change_message": "[]"}}, {"model": "admin.logentry", "pk": 195, "fields": {"action_time": "2022-07-25T17:22:02.222Z", "user": 1, "content_type": 15, "object_id": "3", "object_repr": "╩рьшэ La Romaine Montjean", "action_flag": 2, "change_message": "[{\"changed\": {\"fields\": [\"\\u0425\\u0430\\u0440\\u0430\\u043a\\u0442\\u0435\\u0440\\u0438\\u0441\\u0442\\u0438\\u043a\\u0438 \\u043f\\u0440\\u043e\\u0434\\u0443\\u043a\\u0442\\u0430\"]}}]"}}, {"model": "admin.logentry", "pk": 196, "fields": {"action_time": "2022-07-25T17:22:50.004Z", "user": 1, "content_type": 17, "object_id": "21", "object_repr": "╨рчьхЁ: 100 ёь", "action_flag": 1, "change_message": "[{\"added\": {}}]"}}, {"model": "admin.logentry", "pk": 197, "fields": {"action_time": "2022-07-25T17:23:02.977Z", "user": 1, "content_type": 17, "object_id": "22", "object_repr": "╨рчьхЁ: 700 ёь", "action_flag": 1, "change_message": "[{\"added\": {}}]"}}, {"model": "admin.logentry", "pk": 198, "fields": {"action_time": "2022-07-25T17:23:13.659Z", "user": 1, "content_type": 15, "object_id": "1", "object_repr": "╩рьшэ Arriaga Amberes", "action_flag": 2, "change_message": "[{\"changed\": {\"fields\": [\"\\u0425\\u0430\\u0440\\u0430\\u043a\\u0442\\u0435\\u0440\\u0438\\u0441\\u0442\\u0438\\u043a\\u0438 \\u043f\\u0440\\u043e\\u0434\\u0443\\u043a\\u0442\\u0430\"]}}]"}}, {"model": "admin.logentry", "pk": 199, "fields": {"action_time": "2022-07-25T17:23:18.069Z", "user": 1, "content_type": 15, "object_id": "2", "object_repr": "╩рьшэ La Romaine Louis XVI2", "action_flag": 2, "change_message": "[]"}}, {"model": "admin.logentry", "pk": 200, "fields": {"action_time": "2022-07-25T17:23:23.042Z", "user": 1, "content_type": 15, "object_id": "3", "object_repr": "╩рьшэ La Romaine Montjean", "action_flag": 2, "change_message": "[{\"changed\": {\"fields\": [\"\\u0425\\u0430\\u0440\\u0430\\u043a\\u0442\\u0435\\u0440\\u0438\\u0441\\u0442\\u0438\\u043a\\u0438 \\u043f\\u0440\\u043e\\u0434\\u0443\\u043a\\u0442\\u0430\"]}}]"}}, {"model": "admin.logentry", "pk": 201, "fields": {"action_time": "2022-07-25T22:09:51.481Z", "user": 1, "content_type": 19, "object_id": "9", "object_repr": "╩рьшэ Arriaga Amberes", "action_flag": 1, "change_message": "[{\"added\": {}}]"}}, {"model": "admin.logentry", "pk": 202, "fields": {"action_time": "2022-07-26T08:45:07.676Z", "user": 1, "content_type": 22, "object_id": "3", "object_repr": "╟р тър", "action_flag": 3, "change_message": ""}}, {"model": "admin.logentry", "pk": 203, "fields": {"action_time": "2022-07-26T08:45:07.683Z", "user": 1, "content_type": 22, "object_id": "2", "object_repr": "╟р тър", "action_flag": 3, "change_message": ""}}, {"model": "admin.logentry", "pk": 204, "fields": {"action_time": "2022-07-26T08:45:07.688Z", "user": 1, "content_type": 22, "object_id": "1", "object_repr": "╟р тър", "action_flag": 3, "change_message": ""}}, {"model": "admin.logentry", "pk": 205, "fields": {"action_time": "2022-07-26T08:49:38.645Z", "user": 1, "content_type": 22, "object_id": "4", "object_repr": "╟р тър", "action_flag": 3, "change_message": ""}}, {"model": "admin.logentry", "pk": 206, "fields": {"action_time": "2022-07-26T09:08:24.449Z", "user": 1, "content_type": 22, "object_id": "5", "object_repr": "╟р тър", "action_flag": 3, "change_message": ""}}, {"model": "admin.logentry", "pk": 207, "fields": {"action_time": "2022-08-04T11:00:58.991Z", "user": 1, "content_type": 23, "object_id": "1", "object_repr": "─Ёют э√х ърьшэ√", "action_flag": 1, "change_message": "[{\"added\": {}}]"}}, {"model": "admin.logentry", "pk": 208, "fields": {"action_time": "2022-08-04T11:01:03.780Z", "user": 1, "content_type": 23, "object_id": "1", "object_repr": "─Ёют э√х ърьшэ√", "action_flag": 2, "change_message": "[]"}}, {"model": "admin.logentry", "pk": 209, "fields": {"action_time": "2022-08-04T11:16:11.662Z", "user": 1, "content_type": 23, "object_id": "2", "object_repr": "╤Єры№э√х Єрэф√Ё√", "action_flag": 1, "change_message": "[{\"added\": {}}]"}}, {"model": "admin.logentry", "pk": 210, "fields": {"action_time": "2022-08-04T11:29:32.085Z", "user": 1, "content_type": 23, "object_id": "3", "object_repr": "╩ръшх-Єю ърьшэ√", "action_flag": 1, "change_message": "[{\"added\": {}}]"}}, {"model": "admin.logentry", "pk": 211, "fields": {"action_time": "2022-08-04T13:07:22.364Z", "user": 1, "content_type": 15, "object_id": "1", "object_repr": "╩рьшэ Arriaga Amberes", "action_flag": 2, "change_message": "[{\"changed\": {\"fields\": [\"\\u041f\\u043e\\u0434\\u043a\\u0430\\u0442\\u0435\\u0433\\u043e\\u0440\\u0438\\u044f \\u043f\\u0440\\u043e\\u0434\\u0443\\u043a\\u0442\\u0430\"]}}]"}}, {"model": "admin.logentry", "pk": 212, "fields": {"action_time": "2022-08-04T13:07:27.708Z", "user": 1, "content_type": 15, "object_id": "2", "object_repr": "╩рьшэ La Romaine Louis XVI2", "action_flag": 2, "change_message": "[{\"changed\": {\"fields\": [\"\\u041f\\u043e\\u0434\\u043a\\u0430\\u0442\\u0435\\u0433\\u043e\\u0440\\u0438\\u044f \\u043f\\u0440\\u043e\\u0434\\u0443\\u043a\\u0442\\u0430\"]}}]"}}, {"model": "admin.logentry", "pk": 213, "fields": {"action_time": "2022-08-04T13:07:33.372Z", "user": 1, "content_type": 15, "object_id": "1", "object_repr": "╩рьшэ Arriaga Amberes", "action_flag": 2, "change_message": "[]"}}, {"model": "admin.logentry", "pk": 214, "fields": {"action_time": "2022-08-04T13:07:41.201Z", "user": 1, "content_type": 15, "object_id": "3", "object_repr": "╩рьшэ La Romaine Montjean", "action_flag": 2, "change_message": "[{\"changed\": {\"fields\": [\"\\u041f\\u043e\\u0434\\u043a\\u0430\\u0442\\u0435\\u0433\\u043e\\u0440\\u0438\\u044f \\u043f\\u0440\\u043e\\u0434\\u0443\\u043a\\u0442\\u0430\"]}}]"}}, {"model": "admin.logentry", "pk": 215, "fields": {"action_time": "2022-08-04T13:49:17.902Z", "user": 1, "content_type": 15, "object_id": "1", "object_repr": "╩рьшэ Arriaga Amberes", "action_flag": 2, "change_message": "[]"}}, {"model": "admin.logentry", "pk": 216, "fields": {"action_time": "2022-08-04T13:49:24.199Z", "user": 1, "content_type": 15, "object_id": "2", "object_repr": "╩рьшэ La Romaine Louis XVI2", "action_flag": 2, "change_message": "[{\"changed\": {\"fields\": [\"\\u041f\\u043e\\u0434\\u043a\\u0430\\u0442\\u0435\\u0433\\u043e\\u0440\\u0438\\u044f \\u043f\\u0440\\u043e\\u0434\\u0443\\u043a\\u0442\\u0430\"]}}]"}}, {"model": "admin.logentry", "pk": 217, "fields": {"action_time": "2022-08-04T13:49:28.406Z", "user": 1, "content_type": 15, "object_id": "3", "object_repr": "╩рьшэ La Romaine Montjean", "action_flag": 2, "change_message": "[]"}}, {"model": "admin.logentry", "pk": 218, "fields": {"action_time": "2022-08-04T18:15:10.775Z", "user": 1, "content_type": 15, "object_id": "1", "object_repr": "╩рьшэ Arriaga Amberes", "action_flag": 2, "change_message": "[]"}}, {"model": "admin.logentry", "pk": 219, "fields": {"action_time": "2022-08-04T18:15:14.619Z", "user": 1, "content_type": 15, "object_id": "2", "object_repr": "╩рьшэ La Romaine Louis XVI2", "action_flag": 2, "change_message": "[{\"changed\": {\"fields\": [\"\\u041f\\u043e\\u0434\\u043a\\u0430\\u0442\\u0435\\u0433\\u043e\\u0440\\u0438\\u044f \\u043f\\u0440\\u043e\\u0434\\u0443\\u043a\\u0442\\u0430\"]}}]"}}, {"model": "admin.logentry", "pk": 220, "fields": {"action_time": "2022-08-05T03:54:55.041Z", "user": 1, "content_type": 15, "object_id": "2", "object_repr": "╩рьшэ La Romaine Louis XVI2", "action_flag": 2, "change_message": "[{\"changed\": {\"fields\": [\"\\u0425\\u0430\\u0440\\u0430\\u043a\\u0442\\u0435\\u0440\\u0438\\u0441\\u0442\\u0438\\u043a\\u0438 \\u043f\\u0440\\u043e\\u0434\\u0443\\u043a\\u0442\\u0430\"]}}]"}}, {"model": "admin.logentry", "pk": 221, "fields": {"action_time": "2022-08-05T20:56:20.687Z", "user": 1, "content_type": 23, "object_id": "1", "object_repr": "─Ёют э√х ърьшэ√", "action_flag": 2, "change_message": "[{\"changed\": {\"fields\": [\"\\u0424\\u0438\\u043b\\u044c\\u0442\\u0440\\u044b\"]}}]"}}, {"model": "admin.logentry", "pk": 222, "fields": {"action_time": "2022-08-05T21:29:47.631Z", "user": 1, "content_type": 23, "object_id": "3", "object_repr": "╩ръшх-Єю ърьшэ√", "action_flag": 2, "change_message": "[{\"changed\": {\"fields\": [\"\\u0424\\u0438\\u043b\\u044c\\u0442\\u0440\\u044b\"]}}]"}}, {"model": "admin.logentry", "pk": 223, "fields": {"action_time": "2022-08-05T21:30:04.059Z", "user": 1, "content_type": 23, "object_id": "3", "object_repr": "╩ръшх-Єю ърьшэ√", "action_flag": 3, "change_message": ""}}, {"model": "admin.logentry", "pk": 224, "fields": {"action_time": "2022-08-05T21:32:33.407Z", "user": 1, "content_type": 23, "object_id": "1", "object_repr": "─Ёют э√х ърьшэ√", "action_flag": 2, "change_message": "[{\"changed\": {\"fields\": [\"\\u0424\\u0438\\u043b\\u044c\\u0442\\u0440\\u044b\"]}}]"}}, {"model": "admin.logentry", "pk": 225, "fields": {"action_time": "2022-08-05T21:37:42.049Z", "user": 1, "content_type": 23, "object_id": "2", "object_repr": "╤Єры№э√х Єрэф√Ё√", "action_flag": 2, "change_message": "[{\"changed\": {\"fields\": [\"\\u0424\\u0438\\u043b\\u044c\\u0442\\u0440\\u044b\"]}}]"}}, {"model": "admin.logentry", "pk": 226, "fields": {"action_time": "2022-08-05T22:16:31.704Z", "user": 1, "content_type": 10, "object_id": "3", "object_repr": "═рчтрэшх яюёЄр", "action_flag": 3, "change_message": ""}}, {"model": "auth.permission", "pk": 1, "fields": {"name": "Can add log entry", "content_type": 1, "codename": "add_logentry"}}, {"model": "auth.permission", "pk": 2, "fields": {"name": "Can change log entry", "content_type": 1, "codename": "change_logentry"}}, {"model": "auth.permission", "pk": 3, "fields": {"name": "Can delete log entry", "content_type": 1, "codename": "delete_logentry"}}, {"model": "auth.permission", "pk": 4, "fields": {"name": "Can view log entry", "content_type": 1, "codename": "view_logentry"}}, {"model": "auth.permission", "pk": 5, "fields": {"name": "Can add permission", "content_type": 2, "codename": "add_permission"}}, {"model": "auth.permission", "pk": 6, "fields": {"name": "Can change permission", "content_type": 2, "codename": "change_permission"}}, {"model": "auth.permission", "pk": 7, "fields": {"name": "Can delete permission", "content_type": 2, "codename": "delete_permission"}}, {"model": "auth.permission", "pk": 8, "fields": {"name": "Can view permission", "content_type": 2, "codename": "view_permission"}}, {"model": "auth.permission", "pk": 9, "fields": {"name": "Can add group", "content_type": 3, "codename": "add_group"}}, {"model": "auth.permission", "pk": 10, "fields": {"name": "Can change group", "content_type": 3, "codename": "change_group"}}, {"model": "auth.permission", "pk": 11, "fields": {"name": "Can delete group", "content_type": 3, "codename": "delete_group"}}, {"model": "auth.permission", "pk": 12, "fields": {"name": "Can view group", "content_type": 3, "codename": "view_group"}}, {"model": "auth.permission", "pk": 13, "fields": {"name": "Can add user", "content_type": 4, "codename": "add_user"}}, {"model": "auth.permission", "pk": 14, "fields": {"name": "Can change user", "content_type": 4, "codename": "change_user"}}, {"model": "auth.permission", "pk": 15, "fields": {"name": "Can delete user", "content_type": 4, "codename": "delete_user"}}, {"model": "auth.permission", "pk": 16, "fields": {"name": "Can view user", "content_type": 4, "codename": "view_user"}}, {"model": "auth.permission", "pk": 17, "fields": {"name": "Can add content type", "content_type": 5, "codename": "add_contenttype"}}, {"model": "auth.permission", "pk": 18, "fields": {"name": "Can change content type", "content_type": 5, "codename": "change_contenttype"}}, {"model": "auth.permission", "pk": 19, "fields": {"name": "Can delete content type", "content_type": 5, "codename": "delete_contenttype"}}, {"model": "auth.permission", "pk": 20, "fields": {"name": "Can view content type", "content_type": 5, "codename": "view_contenttype"}}, {"model": "auth.permission", "pk": 21, "fields": {"name": "Can add session", "content_type": 6, "codename": "add_session"}}, {"model": "auth.permission", "pk": 22, "fields": {"name": "Can change session", "content_type": 6, "codename": "change_session"}}, {"model": "auth.permission", "pk": 23, "fields": {"name": "Can delete session", "content_type": 6, "codename": "delete_session"}}, {"model": "auth.permission", "pk": 24, "fields": {"name": "Can view session", "content_type": 6, "codename": "view_session"}}, {"model": "auth.permission", "pk": 25, "fields": {"name": "Can add ╩рЄхуюЁш (■) ьхэ■", "content_type": 7, "codename": "add_menucategory"}}, {"model": "auth.permission", "pk": 26, "fields": {"name": "Can change ╩рЄхуюЁш (■) ьхэ■", "content_type": 7, "codename": "change_menucategory"}}, {"model": "auth.permission", "pk": 27, "fields": {"name": "Can delete ╩рЄхуюЁш (■) ьхэ■", "content_type": 7, "codename": "delete_menucategory"}}, {"model": "auth.permission", "pk": 28, "fields": {"name": "Can view ╩рЄхуюЁш (■) ьхэ■", "content_type": 7, "codename": "view_menucategory"}}, {"model": "auth.permission", "pk": 29, "fields": {"name": "Can add ╧юфърЄхуюЁш (■) ьхэ■", "content_type": 8, "codename": "add_menusubcategory"}}, {"model": "auth.permission", "pk": 30, "fields": {"name": "Can change ╧юфърЄхуюЁш (■) ьхэ■", "content_type": 8, "codename": "change_menusubcategory"}}, {"model": "auth.permission", "pk": 31, "fields": {"name": "Can delete ╧юфърЄхуюЁш (■) ьхэ■", "content_type": 8, "codename": "delete_menusubcategory"}}, {"model": "auth.permission", "pk": 32, "fields": {"name": "Can view ╧юфърЄхуюЁш (■) ьхэ■", "content_type": 8, "codename": "view_menusubcategory"}}, {"model": "auth.permission", "pk": 33, "fields": {"name": "Can add ╩рЄхуюЁшш яюёЄют", "content_type": 9, "codename": "add_blogcategory"}}, {"model": "auth.permission", "pk": 34, "fields": {"name": "Can change ╩рЄхуюЁшш яюёЄют", "content_type": 9, "codename": "change_blogcategory"}}, {"model": "auth.permission", "pk": 35, "fields": {"name": "Can delete ╩рЄхуюЁшш яюёЄют", "content_type": 9, "codename": "delete_blogcategory"}}, {"model": "auth.permission", "pk": 36, "fields": {"name": "Can view ╩рЄхуюЁшш яюёЄют", "content_type": 9, "codename": "view_blogcategory"}}, {"model": "auth.permission", "pk": 37, "fields": {"name": "Can add ╤яшёюъ яюёЄют", "content_type": 10, "codename": "add_blogpost"}}, {"model": "auth.permission", "pk": 38, "fields": {"name": "Can change ╤яшёюъ яюёЄют", "content_type": 10, "codename": "change_blogpost"}}, {"model": "auth.permission", "pk": 39, "fields": {"name": "Can delete ╤яшёюъ яюёЄют", "content_type": 10, "codename": "delete_blogpost"}}, {"model": "auth.permission", "pk": 40, "fields": {"name": "Can view ╤яшёюъ яюёЄют", "content_type": 10, "codename": "view_blogpost"}}, {"model": "auth.permission", "pk": 41, "fields": {"name": "Can add ╒рЁръЄхЁшёЄшър", "content_type": 11, "codename": "add_characteristic"}}, {"model": "auth.permission", "pk": 42, "fields": {"name": "Can change ╒рЁръЄхЁшёЄшър", "content_type": 11, "codename": "change_characteristic"}}, {"model": "auth.permission", "pk": 43, "fields": {"name": "Can delete ╒рЁръЄхЁшёЄшър", "content_type": 11, "codename": "delete_characteristic"}}, {"model": "auth.permission", "pk": 44, "fields": {"name": "Can view ╒рЁръЄхЁшёЄшър", "content_type": 11, "codename": "view_characteristic"}}, {"model": "auth.permission", "pk": 45, "fields": {"name": "Can add ╧ЁюхъЄ√", "content_type": 12, "codename": "add_project"}}, {"model": "auth.permission", "pk": 46, "fields": {"name": "Can change ╧ЁюхъЄ√", "content_type": 12, "codename": "change_project"}}, {"model": "auth.permission", "pk": 47, "fields": {"name": "Can delete ╧ЁюхъЄ√", "content_type": 12, "codename": "delete_project"}}, {"model": "auth.permission", "pk": 48, "fields": {"name": "Can view ╧ЁюхъЄ√", "content_type": 12, "codename": "view_project"}}, {"model": "auth.permission", "pk": 49, "fields": {"name": "Can add ╩рЄхуюЁшш яЁюхъЄют", "content_type": 13, "codename": "add_projectcategory"}}, {"model": "auth.permission", "pk": 50, "fields": {"name": "Can change ╩рЄхуюЁшш яЁюхъЄют", "content_type": 13, "codename": "change_projectcategory"}}, {"model": "auth.permission", "pk": 51, "fields": {"name": "Can delete ╩рЄхуюЁшш яЁюхъЄют", "content_type": 13, "codename": "delete_projectcategory"}}, {"model": "auth.permission", "pk": 52, "fields": {"name": "Can view ╩рЄхуюЁшш яЁюхъЄют", "content_type": 13, "codename": "view_projectcategory"}}, {"model": "auth.permission", "pk": 53, "fields": {"name": "Can add ╒рЁръЄхЁшёЄшър яЁюхъЄр", "content_type": 14, "codename": "add_projectcharacteristic"}}, {"model": "auth.permission", "pk": 54, "fields": {"name": "Can change ╒рЁръЄхЁшёЄшър яЁюхъЄр", "content_type": 14, "codename": "change_projectcharacteristic"}}, {"model": "auth.permission", "pk": 55, "fields": {"name": "Can delete ╒рЁръЄхЁшёЄшър яЁюхъЄр", "content_type": 14, "codename": "delete_projectcharacteristic"}}, {"model": "auth.permission", "pk": 56, "fields": {"name": "Can view ╒рЁръЄхЁшёЄшър яЁюхъЄр", "content_type": 14, "codename": "view_projectcharacteristic"}}, {"model": "auth.permission", "pk": 57, "fields": {"name": "Can add ╩рЄхуюЁш  яЁюфєъЄр", "content_type": 16, "codename": "add_productcategory"}}, {"model": "auth.permission", "pk": 58, "fields": {"name": "Can change ╩рЄхуюЁш  яЁюфєъЄр", "content_type": 16, "codename": "change_productcategory"}}, {"model": "auth.permission", "pk": 59, "fields": {"name": "Can delete ╩рЄхуюЁш  яЁюфєъЄр", "content_type": 16, "codename": "delete_productcategory"}}, {"model": "auth.permission", "pk": 60, "fields": {"name": "Can view ╩рЄхуюЁш  яЁюфєъЄр", "content_type": 16, "codename": "view_productcategory"}}, {"model": "auth.permission", "pk": 61, "fields": {"name": "Can add ╧ЁюфєъЄ", "content_type": 15, "codename": "add_product"}}, {"model": "auth.permission", "pk": 62, "fields": {"name": "Can change ╧ЁюфєъЄ", "content_type": 15, "codename": "change_product"}}, {"model": "auth.permission", "pk": 63, "fields": {"name": "Can delete ╧ЁюфєъЄ", "content_type": 15, "codename": "delete_product"}}, {"model": "auth.permission", "pk": 64, "fields": {"name": "Can view ╧ЁюфєъЄ", "content_type": 15, "codename": "view_product"}}, {"model": "auth.permission", "pk": 65, "fields": {"name": "Can add ╒рЁръЄхЁшёЄшър яЁюфєъЄр", "content_type": 17, "codename": "add_productcharacteristic"}}, {"model": "auth.permission", "pk": 66, "fields": {"name": "Can change ╒рЁръЄхЁшёЄшър яЁюфєъЄр", "content_type": 17, "codename": "change_productcharacteristic"}}, {"model": "auth.permission", "pk": 67, "fields": {"name": "Can delete ╒рЁръЄхЁшёЄшър яЁюфєъЄр", "content_type": 17, "codename": "delete_productcharacteristic"}}, {"model": "auth.permission", "pk": 68, "fields": {"name": "Can view ╒рЁръЄхЁшёЄшър яЁюфєъЄр", "content_type": 17, "codename": "view_productcharacteristic"}}, {"model": "auth.permission", "pk": 69, "fields": {"name": "Can add ╒рЁръЄхЁшёЄшър", "content_type": 18, "codename": "add_characteristic"}}, {"model": "auth.permission", "pk": 70, "fields": {"name": "Can change ╒рЁръЄхЁшёЄшър", "content_type": 18, "codename": "change_characteristic"}}, {"model": "auth.permission", "pk": 71, "fields": {"name": "Can delete ╒рЁръЄхЁшёЄшър", "content_type": 18, "codename": "delete_characteristic"}}, {"model": "auth.permission", "pk": 72, "fields": {"name": "Can view ╒рЁръЄхЁшёЄшър", "content_type": 18, "codename": "view_characteristic"}}, {"model": "auth.permission", "pk": 73, "fields": {"name": "Can add product slider", "content_type": 19, "codename": "add_productslider"}}, {"model": "auth.permission", "pk": 74, "fields": {"name": "Can change product slider", "content_type": 19, "codename": "change_productslider"}}, {"model": "auth.permission", "pk": 75, "fields": {"name": "Can delete product slider", "content_type": 19, "codename": "delete_productslider"}}, {"model": "auth.permission", "pk": 76, "fields": {"name": "Can view product slider", "content_type": 19, "codename": "view_productslider"}}, {"model": "auth.permission", "pk": 77, "fields": {"name": "Can add product characteristic type", "content_type": 20, "codename": "add_productcharacteristictype"}}, {"model": "auth.permission", "pk": 78, "fields": {"name": "Can change product characteristic type", "content_type": 20, "codename": "change_productcharacteristictype"}}, {"model": "auth.permission", "pk": 79, "fields": {"name": "Can delete product characteristic type", "content_type": 20, "codename": "delete_productcharacteristictype"}}, {"model": "auth.permission", "pk": 80, "fields": {"name": "Can view product characteristic type", "content_type": 20, "codename": "view_productcharacteristictype"}}, {"model": "auth.permission", "pk": 81, "fields": {"name": "Can add type characteristic", "content_type": 21, "codename": "add_typecharacteristic"}}, {"model": "auth.permission", "pk": 82, "fields": {"name": "Can change type characteristic", "content_type": 21, "codename": "change_typecharacteristic"}}, {"model": "auth.permission", "pk": 83, "fields": {"name": "Can delete type characteristic", "content_type": 21, "codename": "delete_typecharacteristic"}}, {"model": "auth.permission", "pk": 84, "fields": {"name": "Can view type characteristic", "content_type": 21, "codename": "view_typecharacteristic"}}, {"model": "auth.permission", "pk": 85, "fields": {"name": "Can add ╟р тър", "content_type": 22, "codename": "add_requestmessage"}}, {"model": "auth.permission", "pk": 86, "fields": {"name": "Can change ╟р тър", "content_type": 22, "codename": "change_requestmessage"}}, {"model": "auth.permission", "pk": 87, "fields": {"name": "Can delete ╟р тър", "content_type": 22, "codename": "delete_requestmessage"}}, {"model": "auth.permission", "pk": 88, "fields": {"name": "Can view ╟р тър", "content_type": 22, "codename": "view_requestmessage"}}, {"model": "auth.permission", "pk": 89, "fields": {"name": "Can add ╧юфърЄхуюЁш  яЁюфєъЄр", "content_type": 23, "codename": "add_productsubcategory"}}, {"model": "auth.permission", "pk": 90, "fields": {"name": "Can change ╧юфърЄхуюЁш  яЁюфєъЄр", "content_type": 23, "codename": "change_productsubcategory"}}, {"model": "auth.permission", "pk": 91, "fields": {"name": "Can delete ╧юфърЄхуюЁш  яЁюфєъЄр", "content_type": 23, "codename": "delete_productsubcategory"}}, {"model": "auth.permission", "pk": 92, "fields": {"name": "Can view ╧юфърЄхуюЁш  яЁюфєъЄр", "content_type": 23, "codename": "view_productsubcategory"}}, {"model": "auth.user", "pk": 1, "fields": {"password": "pbkdf2_sha256$320000$NRKFItKJQAYc90Bymfy4Ui$gx9o4n7WI5fN0t39eqvfCqIL4Ip3PHfzs5sBM3qFsEg=", "last_login": "2022-07-23T21:37:37.431Z", "is_superuser": true, "username": "shop-admin32", "first_name": "", "last_name": "", "email": "", "is_staff": true, "is_active": true, "date_joined": "2022-07-18T20:14:59.105Z", "groups": [], "user_permissions": []}}, {"model": "contenttypes.contenttype", "pk": 1, "fields": {"app_label": "admin", "model": "logentry"}}, {"model": "contenttypes.contenttype", "pk": 2, "fields": {"app_label": "auth", "model": "permission"}}, {"model": "contenttypes.contenttype", "pk": 3, "fields": {"app_label": "auth", "model": "group"}}, {"model": "contenttypes.contenttype", "pk": 4, "fields": {"app_label": "auth", "model": "user"}}, {"model": "contenttypes.contenttype", "pk": 5, "fields": {"app_label": "contenttypes", "model": "contenttype"}}, {"model": "contenttypes.contenttype", "pk": 6, "fields": {"app_label": "sessions", "model": "session"}}, {"model": "contenttypes.contenttype", "pk": 7, "fields": {"app_label": "shop", "model": "menucategory"}}, {"model": "contenttypes.contenttype", "pk": 8, "fields": {"app_label": "shop", "model": "menusubcategory"}}, {"model": "contenttypes.contenttype", "pk": 9, "fields": {"app_label": "blog", "model": "blogcategory"}}, {"model": "contenttypes.contenttype", "pk": 10, "fields": {"app_label": "blog", "model": "blogpost"}}, {"model": "contenttypes.contenttype", "pk": 11, "fields": {"app_label": "projects", "model": "characteristic"}}, {"model": "contenttypes.contenttype", "pk": 12, "fields": {"app_label": "projects", "model": "project"}}, {"model": "contenttypes.contenttype", "pk": 13, "fields": {"app_label": "projects", "model": "projectcategory"}}, {"model": "contenttypes.contenttype", "pk": 14, "fields": {"app_label": "projects", "model": "projectcharacteristic"}}, {"model": "contenttypes.contenttype", "pk": 15, "fields": {"app_label": "shop", "model": "product"}}, {"model": "contenttypes.contenttype", "pk": 16, "fields": {"app_label": "shop", "model": "productcategory"}}, {"model": "contenttypes.contenttype", "pk": 17, "fields": {"app_label": "shop", "model": "productcharacteristic"}}, {"model": "contenttypes.contenttype", "pk": 18, "fields": {"app_label": "shop", "model": "characteristic"}}, {"model": "contenttypes.contenttype", "pk": 19, "fields": {"app_label": "shop", "model": "productslider"}}, {"model": "contenttypes.contenttype", "pk": 20, "fields": {"app_label": "shop", "model": "productcharacteristictype"}}, {"model": "contenttypes.contenttype", "pk": 21, "fields": {"app_label": "shop", "model": "typecharacteristic"}}, {"model": "contenttypes.contenttype", "pk": 22, "fields": {"app_label": "shop", "model": "requestmessage"}}, {"model": "contenttypes.contenttype", "pk": 23, "fields": {"app_label": "shop", "model": "productsubcategory"}}, {"model": "sessions.session", "pk": "dh1al4mvejat6m0dk89tk5y0vwe1swez", "fields": {"session_data": ".eJxVjDEOAiEURO9CbQjwQRZLe89AgP-RVQPJslsZ7y6bbKHFNPPezJv5sK3Fb50WPyO7MMlOv10M6Ul1B_gI9d54anVd5sh3hR-081tDel0P9--ghF7GesqgnbEinUFY0KhQOSmdiahTtkK6lPMUQBKS0jC87FCQUGQARzT7fAHE-zdz:1oFMob:S-mNjln_b0Tvr9ZaYw6BtfLnPMTBg5RodcU-BggNhlc", "expire_date": "2022-08-06T21:37:37.435Z"}}, {"model": "sessions.session", "pk": "le8tci4r15y21a09p64y5orv3s7pjtek", "fields": {"session_data": ".eJxVjDEOAiEURO9CbQjwQRZLe89AgP-RVQPJslsZ7y6bbKHFNPPezJv5sK3Fb50WPyO7MMlOv10M6Ul1B_gI9d54anVd5sh3hR-081tDel0P9--ghF7GesqgnbEinUFY0KhQOSmdiahTtkK6lPMUQBKS0jC87FCQUGQARzT7fAHE-zdz:1oE5sX:ks11bq4IYnhs-373wEuUVejk9261fzeA0W3L35BhLSo", "expire_date": "2022-08-03T09:20:25.454Z"}}, {"model": "sessions.session", "pk": "ny7g8hsb11b2xfse360y9wcpyh9x3ndq", "fields": {"session_data": ".eJxVjDEOAiEURO9CbQjwQRZLe89AgP-RVQPJslsZ7y6bbKHFNPPezJv5sK3Fb50WPyO7MMlOv10M6Ul1B_gI9d54anVd5sh3hR-081tDel0P9--ghF7GesqgnbEinUFY0KhQOSmdiahTtkK6lPMUQBKS0jC87FCQUGQARzT7fAHE-zdz:1oDX9B:JNExYND5AviHAIg_zZs8EokAFXF4-5Kcc7OoyRc8bek", "expire_date": "2022-08-01T20:15:17.596Z"}}, {"model": "shop.productcategory", "pk": 1, "fields": {"title": "╩рьшэ√", "slug": "kaminy"}}, {"model": "shop.productcategory", "pk": 2, "fields": {"title": "╧хўш", "slug": "pechi"}}, {"model": "shop.productcategory", "pk": 3, "fields": {"title": "┴рЁсхъ■", "slug": "barbekyu"}}, {"model": "shop.productcategory", "pk": 4, "fields": {"title": "╥рэф√Ё√", "slug": "tandyry"}}, {"model": "shop.productcategory", "pk": 5, "fields": {"title": "╩юЄы√", "slug": "kotly"}}, {"model": "shop.productcategory", "pk": 6, "fields": {"title": "─√ьюїюф√", "slug": "dymohody"}}, {"model": "shop.productcategory", "pk": 7, "fields": {"title": "╨рчэюх", "slug": "raznoe"}}, {"model": "shop.productsubcategory", "pk": 1, "fields": {"title": "─Ёют э√х ърьшэ√", "category": 1, "filters": [13, 14]}}, {"model": "shop.productsubcategory", "pk": 2, "fields": {"title": "╤Єры№э√х Єрэф√Ё√", "category": 4, "filters": [12]}}, {"model": "shop.productslider", "pk": 3, "fields": {"photo": "photos/2022/07/22/card-img.png", "product": 1}}, {"model": "shop.productslider", "pk": 4, "fields": {"photo": "photos/2022/07/22/card-img_219k6Z2.png", "product": 1}}, {"model": "shop.productslider", "pk": 5, "fields": {"photo": "photos/2022/07/22/card-img_nCgHz0w.png", "product": 1}}, {"model": "shop.productslider", "pk": 6, "fields": {"photo": "photos/2022/07/24/blogImg1.png", "product": 2}}, {"model": "shop.productslider", "pk": 7, "fields": {"photo": "photos/2022/07/24/blogImg2.png", "product": 2}}, {"model": "shop.productslider", "pk": 8, "fields": {"photo": "photos/2022/07/24/blogImg3.png", "product": 2}}, {"model": "shop.productslider", "pk": 9, "fields": {"photo": "photos/2022/07/26/popup-img.png", "product": 1}}, {"model": "shop.product", "pk": 1, "fields": {"title": "╩рьшэ Arriaga Amberes", "slug": "kamin-arriaga-amberes", "contentPreview": "╩рёёхЄэр  Єюяър Contura i4M Modern ё ЄЁхїёЄюЁюээхщ Ёрьъющ фы  юЄъЁ√Є√ї ърьшэют ш юўруют.", "price": "259 950", "discount": "34 000", "photo": "photos/2022/07/19/catalog-img2_S2ESEZk.png", "code": "9319", "category": 1, "subcategory": 1, "content": "╩рёёхЄэр  Єюяър Contura i4M Modern ё ЄЁхїёЄюЁюээхщ Ёрьъющ фы  юЄъЁ√Є√ї ърьшэют ш юўруют. ╩рёёхЄэр  Єюяър Contura i4M Modern ё ЄЁхїёЄюЁюээхщ Ёрьъющ фы  юЄъЁ√Є√ї ърьшэют ш юўруют. ╩рёёхЄэр  Єюяър Contura i4M Modern ё ЄЁхїёЄюЁюээхщ Ёрьъющ фы  юЄъЁ√Є√ї ърьшэют ш юўруют.", "characteristics": [1, 2, 4, 14, 21]}}, {"model": "shop.product", "pk": 2, "fields": {"title": "╩рьшэ La Romaine Louis XVI2", "slug": "kamin-la-romaine-louis-xvi", "contentPreview": "╩рёёхЄэр  Єюяър Contura i4M Modern ё ЄЁхїёЄюЁюээхщ Ёрьъющ фы  юЄъЁ√Є√ї ърьшэют ш юўруют.", "price": "146 050", "discount": "10000", "photo": "photos/2022/07/20/catalog-img3.png", "code": "2132", "category": 1, "subcategory": 1, "content": "╩рёёхЄэр  Єюяър Contura i4M Modern ё ЄЁхїёЄюЁюээхщ Ёрьъющ фы  юЄъЁ√Є√ї ърьшэют ш юўруют. ╩рёёхЄэр  Єюяър Contura i4M Modern ё ЄЁхїёЄюЁюээхщ Ёрьъющ фы  юЄъЁ√Є√ї ърьшэют ш юўруют. ╩рёёхЄэр  Єюяър Contura i4M Modern ё ЄЁхїёЄюЁюээхщ Ёрьъющ фы  юЄъЁ√Є√ї ърьшэют ш юўруют.", "characteristics": [6, 13, 16, 18, 19]}}, {"model": "shop.product", "pk": 3, "fields": {"title": "╩рьшэ La Romaine Montjean", "slug": "kamin-la-romaine-montjean", "contentPreview": "╟фхё№ Ёрёёърч√трхЄё  ўЄю-Єю юс фрээюь яЁюфєъЄх.", "price": "50 000", "discount": "10 000", "photo": "photos/2022/07/21/popup-img.png", "code": "4322", "category": 2, "subcategory": 2, "content": "╟фхё№ Ёрёёърч√трхЄё  ўЄю-Єю юс фрээюь яЁюфєъЄх.╟фхё№ Ёрёёърч√трхЄё  ўЄю-Єю юс фрээюь яЁюфєъЄх.╟фхё№ Ёрёёърч√трхЄё  ўЄю-Єю юс фрээюь яЁюфєъЄх.╟фхё№ Ёрёёърч√трхЄё  ўЄю-Єю юс фрээюь яЁюфєъЄх.╟фхё№ Ёрёёърч√трхЄё  ўЄю-Єю юс фрээюь яЁюфєъЄх.╟фхё№ Ёрёёърч√трхЄё  ўЄю-Єю юс фрээюь яЁюфєъЄх.╟фхё№ Ёрёёърч√трхЄё  ўЄю-Єю юс фрээюь яЁюфєъЄх.╟фхё№ Ёрёёърч√трхЄё  ўЄю-Єю юс фрээюь яЁюфєъЄх.╟фхё№ Ёрёёърч√трхЄё  ўЄю-Єю юс фрээюь яЁюфєъЄх.╟фхё№ Ёрёёърч√трхЄё  ўЄю-Єю юс фрээюь яЁюфєъЄх.", "characteristics": [12, 15, 17, 20, 22]}}, {"model": "shop.characteristic", "pk": 1, "fields": {"name": "╬Єряыштрхь√щ юс·хь"}}, {"model": "shop.characteristic", "pk": 2, "fields": {"name": "╠ю∙эюёЄ№"}}, {"model": "shop.characteristic", "pk": 3, "fields": {"name": "─шрярчюэ ью∙эюёЄш"}}, {"model": "shop.characteristic", "pk": 4, "fields": {"name": "╠рЄхЁшры Єюяъш"}}, {"model": "shop.characteristic", "pk": 5, "fields": {"name": "┬рЁюўэр  яютхЁїэюёЄ№"}}, {"model": "shop.characteristic", "pk": 6, "fields": {"name": "╨рчьхЁ"}}, {"model": "shop.characteristic", "pk": 7, "fields": {"name": "╒рЁръЄхЁшёЄшър1"}}, {"model": "shop.characteristic", "pk": 8, "fields": {"name": "╒рЁръЄхЁшёЄшър2"}}, {"model": "shop.characteristic", "pk": 9, "fields": {"name": "┼∙х ърър -Єю їрЁръЄхЁшёЄшър"}}, {"model": "shop.characteristic", "pk": 10, "fields": {"name": "┴Ёхэф"}}, {"model": "shop.typecharacteristic", "pk": 1, "fields": {"type": "┬√сюЁър ¤ыхьхэЄют"}}, {"model": "shop.typecharacteristic", "pk": 2, "fields": {"type": "╧юычєэюъ чэрўхэшщ"}}, {"model": "shop.productcharacteristic", "pk": 1, "fields": {"characteristic": 2, "value": "110", "type": 2, "size": "ъ┬Є"}}, {"model": "shop.productcharacteristic", "pk": 2, "fields": {"characteristic": 5, "value": "150", "type": 2, "size": "ёь"}}, {"model": "shop.productcharacteristic", "pk": 4, "fields": {"characteristic": 4, "value": "─хЁхтю", "type": 1, "size": null}}, {"model": "shop.productcharacteristic", "pk": 6, "fields": {"characteristic": 6, "value": "220", "type": 2, "size": "ёь"}}, {"model": "shop.productcharacteristic", "pk": 10, "fields": {"characteristic": 10, "value": "Plazetta", "type": 1, "size": null}}, {"model": "shop.productcharacteristic", "pk": 11, "fields": {"characteristic": 10, "value": "Actoe", "type": 1, "size": null}}, {"model": "shop.productcharacteristic", "pk": 12, "fields": {"characteristic": 10, "value": "Gefest", "type": 1, "size": null}}, {"model": "shop.productcharacteristic", "pk": 13, "fields": {"characteristic": 10, "value": "Contura", "type": 1, "size": null}}, {"model": "shop.productcharacteristic", "pk": 14, "fields": {"characteristic": 10, "value": "Brurer", "type": 1, "size": null}}, {"model": "shop.productcharacteristic", "pk": 15, "fields": {"characteristic": 4, "value": "╫єуєэ", "type": 1, "size": null}}, {"model": "shop.productcharacteristic", "pk": 16, "fields": {"characteristic": 4, "value": "╤Єры№", "type": 1, "size": null}}, {"model": "shop.productcharacteristic", "pk": 17, "fields": {"characteristic": 5, "value": "50", "type": 2, "size": "ёь"}}, {"model": "shop.productcharacteristic", "pk": 18, "fields": {"characteristic": 5, "value": "20", "type": 2, "size": "ёь"}}, {"model": "shop.productcharacteristic", "pk": 19, "fields": {"characteristic": 2, "value": "50", "type": 2, "size": "ъ┬Є"}}, {"model": "shop.productcharacteristic", "pk": 20, "fields": {"characteristic": 2, "value": "400", "type": 2, "size": "ъ┬Є"}}, {"model": "shop.productcharacteristic", "pk": 21, "fields": {"characteristic": 6, "value": "100", "type": 2, "size": "ёь"}}, {"model": "shop.productcharacteristic", "pk": 22, "fields": {"characteristic": 6, "value": "700", "type": 2, "size": "ёь"}}, {"model": "blog.blogcategory", "pk": 1, "fields": {"title": "╚чуюЄютыхэшх ърьшэют", "slug": "izgotovlenie-kaminov"}}, {"model": "blog.blogcategory", "pk": 2, "fields": {"title": "╚чуюЄютыхэшх Єрэф√Ёют", "slug": "izgotovlenie-tandyrov"}}, {"model": "blog.blogpost", "pk": 1, "fields": {"title": "╩ръ ёфхырЄ№ ърьшэ", "slug": "kak-sdelat-kamin", "previewContent": "╫Єюс√ ёфхырЄ№ ърьшэ эєцэю", "content": "<h1><strong><span style=\"color:#000000\">╩ръ ёфхырЄ№ ърьшэ ъюэЄхэЄ</span></strong></h1>\r\n\r\n<p>&nbsp;</p>\r\n\r\n<p><span style=\"color:#000000\">═ютшўъє, тяхЁт√х чрфєьрт°хьєё  ю Єюь, ъръ ёыюцшЄ№ ърьшэ шч ъшЁяшўр ётюшьш Ёєърьш, ёїхьр ъырфъш яюЄЁхсєхЄё  т яхЁтє■юўхЁхф№. ╬эр эрч√трхЄё  яюЁ фютъющ ш яючтюы хЄ фрцх фшыхЄрэЄрь Ёх°шЄ№ ¤Єє ёыюцэє■ чрфрўє, эх тфртр ё№ т Ёрёў╕Є√ ш эх єуыєсы  ё№ т эюЁьрЄштэ√х фюъєьхэЄ√. ╤рьюёЄю Єхы№эю &laquo;шчюсЁхЄрЄ№&raquo; ърьшэ, эх сєфєўш ёяхЎшрышёЄюь т ¤Єюь фхых, эх ёЄюшЄ.═ю ъЁюьх уюЄютющ яюЁ фютъш фюьр°эхьє ьрёЄхЁє яюэрфюс Єё  ш ЄхюЁхЄшўхёъшх чэрэш  юс юёэютэ√ї ¤ыхьхэЄрї ърьшэр, яЁшэЎшярї хую ¤ЇЇхъЄштэющ ш схчюярёэющ ЁрсюЄ√. ┬ё  эхюсїюфшьр  шэЇюЁьрЎш  &ndash; яхЁхф трьш.</span></p>\r\n\r\n<p>&nbsp;</p>\r\n\r\n<p><span style=\"color:#000000\"><img alt=\"\" src=\"http://localhost:8000/media/uploads/2022/07/16/post-img.png\" style=\"height:437px; width:960px\" /></span></p>\r\n\r\n<p><br />\r\n&nbsp;</p>", "created_at": "2022-07-18T20:17:24.651Z", "photo": "photos/2022/07/19/blogImg2.png", "category": 1}}, {"model": "blog.blogpost", "pk": 2, "fields": {"title": "╩ръ ёфхырЄ№ Єрэф√Ё", "slug": "kak-sdelat-tandyr", "previewContent": "╫Єюс√ ёфхырЄ№ Єрэф√Ё эєцэю", "content": "<h1><span style=\"color:#000000\">╩юэЄхэЄ сыр сыр сыр...</span></h1>", "created_at": "2022-07-18T20:17:52.179Z", "photo": "photos/2022/07/19/blogImg3.png", "category": 2}}, {"model": "projects.projectcategory", "pk": 1, "fields": {"title": "╩рьшэ√", "slug": "kaminy"}}, {"model": "projects.projectcategory", "pk": 2, "fields": {"title": "┴рЁсхъ■", "slug": "barbekyu"}}, {"model": "projects.projectcategory", "pk": 3, "fields": {"title": "┴рээ√х яхўш", "slug": "bannye-pechi"}}, {"model": "projects.projectcategory", "pk": 4, "fields": {"title": "╨єёёър  яхў№", "slug": "russkaya-pech"}}, {"model": "projects.projectcategory", "pk": 5, "fields": {"title": "╩рьшэюяхў№", "slug": "kaminopech"}}, {"model": "projects.projectcategory", "pk": 6, "fields": {"title": "╥рэф√Ё√", "slug": "tandyry"}}, {"model": "projects.project", "pk": 1, "fields": {"title": "╧ЁюхъЄ \"┬хэхЎш \"", "slug": "proekt-veneciya", "previewContent": "┬ ёЄюшьюёЄ№ ърьшэр, тїюфшЄ ьюэЄрц", "content": "▌Єю яЁюхъЄ яюфїюфшЄ№ фы  ы■фхщ, ъюЄюЁ√х їюЄ Є яюърчрЄ№ сыр... сыр... сыр...", "price": "280 000", "previewPhoto": "photos/2022/07/19/jobs-img.png", "photo": "photos/2022/07/20/catalog-img4.png", "modelPhoto": "photos/2022/07/19/popup-img2.png", "category": 1}}, {"model": "projects.project", "pk": 2, "fields": {"title": "╧ЁюхъЄ \"┴рЁсхъ■\"", "slug": "proekt-barbekyu", "previewContent": "─рээ√щ яЁюхъЄ  ты хЄё  ¤Єрыюэюь", "content": "╩юэЄхэЄ яЁюхъЄр \"┴рЁсхъ■\", ╩юэЄхэЄ яЁюхъЄр \"┴рЁсхъ■\", ╩юэЄхэЄ яЁюхъЄр \"┴рЁсхъ■\"", "price": "80 000", "previewPhoto": "photos/2022/07/19/blogImg2_MEnORFx.png", "photo": "photos/2022/07/19/jobs-img_z6unp4K.png", "modelPhoto": "photos/2022/07/19/popup-img2_GvdAOZu.png", "category": 2}}, {"model": "projects.project", "pk": 3, "fields": {"title": "┴ыр сыр", "slug": "bla-bla", "previewContent": "┴ыр сыр┴ыр сыр┴ыр сыр", "content": "┴ыр сыр┴ыр сыр┴ыр сыр┴ыр сыр┴ыр сыр", "price": "50000", "previewPhoto": "photos/2022/07/24/blogImg1_1t0k9A5.png", "photo": "photos/2022/07/24/blogImg1_KaJnWv6.png", "modelPhoto": "photos/2022/07/24/popup-img2.png", "category": 4}}, {"model": "projects.characteristic", "pk": 1, "fields": {"name": "╨рчьхЁ"}}, {"model": "projects.characteristic", "pk": 2, "fields": {"name": "╠рЄхЁшры"}}, {"model": "projects.characteristic", "pk": 3, "fields": {"name": "╬с·хь"}}, {"model": "projects.projectcharacteristic", "pk": 1, "fields": {"project": 1, "characteristic": 1, "option": "┴юы№°ющ"}}, {"model": "projects.projectcharacteristic", "pk": 2, "fields": {"project": 2, "characteristic": 2, "option": "╫єуєэ"}}, {"model": "projects.projectcharacteristic", "pk": 3, "fields": {"project": 2, "characteristic": 1, "option": "╠рыхэ№ъшщ"}}, {"model": "projects.projectcharacteristic", "pk": 4, "fields": {"project": 1, "characteristic": 2, "option": "─хЁхтю"}}, {"model": "projects.projectcharacteristic", "pk": 5, "fields": {"project": 1, "characteristic": 3, "option": "75 ът.ь"}}]